{
    "28": [
        -25.596,
        27.6442,
        -9.61858,
        -0.693328,
        0.710695,
        -0.1041,
        -0.0580694
    ],
    "27": [
        -25.373,
        20.4437,
        -8.24809,
        0.775659,
        -0.628289,
        0.0593849,
        0.00891373
    ],
    "26": [
        -21.3016,
        11.7997,
        -6.54125,
        0.805071,
        -0.592698,
        0.0224612,
        -0.00804022
    ],
    "25": [
        -18.1319,
        3.14357,
        -6.02987,
        0.820904,
        -0.570935,
        0.00498515,
        -0.0112359
    ],
    "24": [
        -15.015,
        -2.37394,
        -5.76714,
        0.849975,
        -0.526763,
        -0.00312563,
        0.00734671
    ],
    "23": [
        -12.9362,
        -9.05371,
        -5.56991,
        0.858666,
        -0.467247,
        -0.0170023,
        -0.209961
    ],
    "22": [
        -7.58353,
        -12.1962,
        -6.82364,
        0.947868,
        -0.208776,
        -0.0159086,
        -0.240222
    ],
    "21": [
        -2.00976,
        -15.1015,
        -8.15034,
        0.936269,
        0.0283419,
        0.105035,
        -0.334013
    ],
    "11": [
        4.75603,
        -15.3122,
        -6.69578,
        -0.0678518,
        0.964918,
        0.252095,
        0.0278671
    ],
    "12": [
        11.1656,
        -13.6279,
        -6.44038,
        -0.150335,
        0.944829,
        0.285813,
        -0.0548599
    ],
    "13": [
        15.8612,
        -9.27365,
        -5.89032,
        -0.536228,
        0.800857,
        0.266034,
        0.017715
    ],
    "14": [
        18.3569,
        -3.16906,
        -6.02602,
        -0.472191,
        0.881109,
        0.0261114,
        -0.000909611
    ],
    "15": [
        21.4816,
        2.62342,
        -5.85188,
        -0.572925,
        0.817907,
        0.0272207,
        0.0452126
    ],
    "16": [
        24.7476,
        11.1645,
        -6.88536,
        -0.612206,
        0.790535,
        0.00157867,
        -0.0159727
    ],
    "17": [
        28.1707,
        20.1738,
        -6.89605,
        -0.615987,
        0.785821,
        0.0110921,
        -0.0540634
    ],
    "18": [
        29.1383,
        26.9414,
        -9.60855,
        -0.68823,
        0.706883,
        -0.0180718,
        -0.162266
    ],
    "48": [
        31.9429,
        28.1212,
        -0.967291,
        -0.154886,
        -0.0783646,
        -0.828663,
        0.532154
    ],
    "47": [
        27.907,
        20.1396,
        2.72109,
        0.00211123,
        -0.0454274,
        -0.8074,
        0.58825
    ],
    "46": [
        23.6695,
        9.06937,
        5.23275,
        -0.0448484,
        0.0306984,
        -0.814498,
        0.577615
    ],
    "45": [
        20.472,
        -0.278135,
        5.6653,
        -0.0817707,
        0.00815686,
        -0.791219,
        0.605986
    ],
    "44": [
        17.4452,
        -6.04582,
        6.27496,
        -0.0655685,
        -0.0545701,
        -0.836423,
        0.541406
    ],
    "43": [
        13.3266,
        -9.39818,
        8.09728,
        0.0830279,
        0.11605,
        0.911266,
        -0.386308
    ],
    "42": [
        8.49441,
        -13.5084,
        7.41283,
        -0.106652,
        0.040817,
        0.96537,
        0.234564
    ],
    "41": [
        4.11585,
        -13.3896,
        7.00765,
        -0.0696914,
        0.116771,
        0.990053,
        0.0360883
    ],
    "31": [
        -0.112221,
        -13.3111,
        7.29546,
        -0.0773243,
        0.023336,
        0.00744763,
        0.996705
    ],
    "32": [
        -4.73918,
        -13.1341,
        7.47618,
        -0.064332,
        0.0927089,
        0.258007,
        0.959531
    ],
    "33": [
        -9.75887,
        -9.47201,
        7.93581,
        -0.122896,
        -0.0775006,
        -0.324019,
        0.934827
    ],
    "34": [
        -13.8467,
        -5.37885,
        6.22256,
        -0.0674968,
        -0.0559457,
        -0.507749,
        0.857033
    ],
    "35": [
        -16.0679,
        0.730662,
        5.33512,
        -0.0623899,
        -0.0726019,
        -0.508969,
        0.855446
    ],
    "36": [
        -20.6055,
        9.84225,
        4.74276,
        0.00116057,
        -0.0435023,
        -0.558416,
        0.828419
    ],
    "37": [
        -25.2461,
        20.8714,
        3.92058,
        -0.0122814,
        -0.0784938,
        -0.57913,
        0.811354
    ],
    "38": [
        -29.4743,
        28.3253,
        -1.07369,
        -0.0583841,
        -0.144449,
        -0.557882,
        0.815165
    ]
}