{
    "28": [
        -25.596,
        27.6442,
        -9.61858,
        -0.693328,
        0.710695,
        -0.1041,
        -0.0580694
    ],
    "27": [
        -25.7719,
        22.4537,
        -7.88037,
        0.780589,
        -0.624056,
        0.0351023,
        -0.00172573
    ],
    "26": [
        -22.6067,
        13.6079,
        -6.64369,
        0.806422,
        -0.591046,
        0.0103412,
        -0.0155242
    ],
    "25": [
        -19.9585,
        4.83046,
        -6.37159,
        0.815158,
        -0.578879,
        -0.0203929,
        -0.00123385
    ],
    "24": [
        -16.618,
        -0.925636,
        -5.87792,
        0.847719,
        -0.530141,
        -0.0179701,
        -0.000379946
    ],
    "23": [
        -13.3819,
        -8.36722,
        -5.59375,
        0.866614,
        -0.452226,
        -0.0137521,
        -0.210434
    ],
    "22": [
        -7.58353,
        -12.1962,
        -6.82364,
        0.947868,
        -0.208776,
        -0.0159086,
        -0.240222
    ],
    "21": [
        -1.99512,
        -15.1017,
        -8.14711,
        0.937223,
        0.0259741,
        0.0956894,
        -0.334337
    ],
    "11": [
        4.94216,
        -15.2698,
        -6.66779,
        -0.0644107,
        0.964673,
        0.254299,
        0.0242807
    ],
    "12": [
        11.4554,
        -13.4662,
        -6.41437,
        -0.155878,
        0.943994,
        0.286039,
        -0.052531
    ],
    "13": [
        16.6562,
        -8.49082,
        -5.72223,
        -0.45105,
        0.849101,
        0.27489,
        0.0041933
    ],
    "14": [
        20.7635,
        -1.85904,
        -5.91851,
        -0.506636,
        0.861933,
        -0.0188986,
        0.00586062
    ],
    "15": [
        23.981,
        4.0468,
        -6.02403,
        -0.56459,
        0.820509,
        -0.0631552,
        0.0633673
    ],
    "16": [
        25.9115,
        12.0663,
        -6.9991,
        -0.599943,
        0.799716,
        -0.0209496,
        -0.0091186
    ],
    "17": [
        28.8163,
        21.1023,
        -6.80024,
        -0.612582,
        0.789992,
        -0.001869,
        -0.0255312
    ],
    "18": [
        29.1383,
        26.9414,
        -9.60855,
        -0.68823,
        0.706883,
        -0.0180718,
        -0.162266
    ],
    "48": [
        31.9429,
        28.1212,
        -0.967291,
        -0.154886,
        -0.0783646,
        -0.828663,
        0.532154
    ],
    "47": [
        27.7586,
        21.0145,
        2.8082,
        0.0322419,
        -0.0436344,
        -0.808283,
        0.586289
    ],
    "46": [
        23.8754,
        10.6092,
        5.01528,
        -0.0297045,
        0.0118125,
        -0.816382,
        0.576626
    ],
    "45": [
        20.5556,
        2.22648,
        5.26744,
        -0.0187584,
        -0.0409808,
        -0.838556,
        0.542948
    ],
    "44": [
        17.5058,
        -3.63744,
        6.13205,
        -0.00175907,
        0.0839199,
        0.887196,
        -0.453694
    ],
    "43": [
        13.9387,
        -8.72663,
        8.02365,
        0.0600147,
        0.13506,
        0.919307,
        -0.364736
    ],
    "42": [
        8.57991,
        -13.4708,
        7.42425,
        -0.0934117,
        0.0475402,
        0.971915,
        0.210703
    ],
    "41": [
        4.11585,
        -13.3896,
        7.00765,
        -0.0696914,
        0.116771,
        0.990053,
        0.0360883
    ],
    "31": [
        -0.112221,
        -13.3111,
        7.29546,
        -0.0773243,
        0.023336,
        0.00744763,
        0.996705
    ],
    "32": [
        -4.8106,
        -13.096,
        7.47618,
        -0.0719597,
        0.0869217,
        0.175736,
        0.977949
    ],
    "33": [
        -10.5213,
        -8.58913,
        7.81581,
        -0.147112,
        -0.0275987,
        -0.317891,
        0.936238
    ],
    "34": [
        -14.8111,
        -3.32158,
        6.1334,
        -0.10406,
        0.00964131,
        -0.45825,
        0.882658
    ],
    "35": [
        -17.6468,
        2.74296,
        4.81018,
        -0.12532,
        0.0342661,
        -0.510693,
        0.84989
    ],
    "36": [
        -21.4096,
        10.9772,
        4.48427,
        0.0110837,
        -0.0284137,
        -0.568844,
        0.82188
    ],
    "37": [
        -25.3287,
        21.705,
        4.53732,
        0.00111682,
        -0.0581142,
        -0.585976,
        0.808241
    ],
    "38": [
        -29.4743,
        28.3253,
        -1.07369,
        -0.0583841,
        -0.144449,
        -0.557882,
        0.815165
    ]
}