{
    "28": [
        -25.596,
        27.6442,
        -9.61858,
        -0.693328,
        0.710695,
        -0.1041,
        -0.0580694
    ],
    "27": [
        -25.7719,
        22.4537,
        -7.88037,
        0.780589,
        -0.624056,
        0.0351023,
        -0.00172573
    ],
    "26": [
        -22.6067,
        13.6079,
        -6.64369,
        0.806422,
        -0.591046,
        0.0103412,
        -0.0155242
    ],
    "25": [
        -19.1282,
        4.06369,
        -6.21626,
        0.817855,
        -0.575328,
        -0.00885824,
        -0.00578088
    ],
    "24": [
        -15.8165,
        -1.64979,
        -5.82253,
        0.848878,
        -0.528471,
        -0.0105482,
        0.00348351
    ],
    "23": [
        -12.9362,
        -9.05371,
        -5.56991,
        0.858666,
        -0.467247,
        -0.0170023,
        -0.209961
    ],
    "22": [
        -7.58353,
        -12.1962,
        -6.82364,
        0.947868,
        -0.208776,
        -0.0159086,
        -0.240222
    ],
    "21": [
        -2.00976,
        -15.1015,
        -8.15034,
        0.936269,
        0.0283419,
        0.105035,
        -0.334013
    ],
    "11": [
        4.75603,
        -15.3122,
        -6.69578,
        -0.0678518,
        0.964918,
        0.252095,
        0.0278671
    ],
    "12": [
        11.1656,
        -13.6279,
        -6.44038,
        -0.150335,
        0.944829,
        0.285813,
        -0.0548599
    ],
    "13": [
        16.2587,
        -8.88224,
        -5.80628,
        -0.494247,
        0.825996,
        0.270796,
        0.0109677
    ],
    "14": [
        20.3624,
        -2.07737,
        -5.93643,
        -0.501019,
        0.865348,
        -0.0113973,
        0.00473307
    ],
    "15": [
        23.981,
        4.0468,
        -6.02403,
        -0.56459,
        0.820509,
        -0.0631552,
        0.0633673
    ],
    "16": [
        25.9115,
        12.0663,
        -6.9991,
        -0.599943,
        0.799716,
        -0.0209496,
        -0.0091186
    ],
    "17": [
        28.8163,
        21.1023,
        -6.80024,
        -0.612582,
        0.789992,
        -0.001869,
        -0.0255312
    ],
    "18": [
        29.1383,
        26.9414,
        -9.60855,
        -0.68823,
        0.706883,
        -0.0180718,
        -0.162266
    ],
    "48": [
        31.9429,
        28.1212,
        -0.967291,
        -0.154886,
        -0.0783646,
        -0.828663,
        0.532154
    ],
    "47": [
        27.7586,
        21.0145,
        2.8082,
        0.0322419,
        -0.0436344,
        -0.808283,
        0.586289
    ],
    "46": [
        23.8754,
        10.6092,
        5.01528,
        -0.0297045,
        0.0118125,
        -0.816382,
        0.576626
    ],
    "45": [
        20.5492,
        2.03382,
        5.29805,
        -0.0236241,
        -0.0372115,
        -0.835284,
        0.54805
    ],
    "44": [
        17.4893,
        -4.29427,
        6.17102,
        0.0166448,
        0.0760268,
        0.874697,
        -0.47838
    ],
    "43": [
        13.5015,
        -9.2063,
        8.07624,
        0.0764633,
        0.121499,
        0.913696,
        -0.380199
    ],
    "42": [
        8.49441,
        -13.5084,
        7.41283,
        -0.106652,
        0.040817,
        0.96537,
        0.234564
    ],
    "41": [
        4.11585,
        -13.3896,
        7.00765,
        -0.0696914,
        0.116771,
        0.990053,
        0.0360883
    ],
    "31": [
        -0.112221,
        -13.3111,
        7.29546,
        -0.0773243,
        0.023336,
        0.00744763,
        0.996705
    ],
    "32": [
        -4.75959,
        -13.1232,
        7.47618,
        -0.0665611,
        0.0911218,
        0.234665,
        0.965505
    ],
    "33": [
        -9.9767,
        -9.21976,
        7.90152,
        -0.129857,
        -0.0632608,
        -0.322371,
        0.935528
    ],
    "34": [
        -14.3727,
        -4.2567,
        6.17393,
        -0.087534,
        -0.020195,
        -0.481273,
        0.871955
    ],
    "35": [
        -17.031,
        2.19997,
        4.98618,
        -0.106085,
        0.0013724,
        -0.510997,
        0.85301
    ],
    "36": [
        -21.4096,
        10.9772,
        4.48427,
        0.0110837,
        -0.0284137,
        -0.568844,
        0.82188
    ],
    "37": [
        -25.3287,
        21.705,
        4.53732,
        0.00111682,
        -0.0581142,
        -0.585976,
        0.808241
    ],
    "38": [
        -29.4743,
        28.3253,
        -1.07369,
        -0.0583841,
        -0.144449,
        -0.557882,
        0.815165
    ]
}