{
    "28": [
        -25.596,
        27.6442,
        -9.61858,
        -0.693328,
        0.710695,
        -0.1041,
        -0.0580694
    ],
    "27": [
        -25.7719,
        22.4537,
        -7.88037,
        0.780589,
        -0.624056,
        0.0351023,
        -0.00172573
    ],
    "26": [
        -22.6067,
        13.6079,
        -6.64369,
        0.806422,
        -0.591046,
        0.0103412,
        -0.0155242
    ],
    "25": [
        -20.7887,
        5.59722,
        -6.52692,
        0.812319,
        -0.582329,
        -0.0319239,
        0.00331338
    ],
    "24": [
        -17.5799,
        -0.056653,
        -5.94439,
        0.846245,
        -0.532092,
        -0.0268745,
        -0.00501603
    ],
    "23": [
        -14.5881,
        -6.44283,
        -5.6948,
        0.9009,
        -0.382359,
        -0.00250367,
        -0.205364
    ],
    "22": [
        -8.76637,
        -10.3365,
        -7.46516,
        0.945177,
        -0.231929,
        0.0528493,
        -0.223731
    ],
    "21": [
        -1.85792,
        -12.5302,
        -7.50611,
        0.959517,
        -0.0299343,
        0.0409045,
        -0.277051
    ],
    "11": [
        5.41667,
        -13.0539,
        -6.52786,
        -0.0435822,
        0.962584,
        0.267443,
        0.0026498
    ],
    "12": [
        12.0062,
        -11.1706,
        -6.38361,
        -0.175111,
        0.940932,
        0.286623,
        -0.0427883
    ],
    "13": [
        17.6983,
        -7.25384,
        -5.5991,
        -0.28559,
        0.91899,
        0.271573,
        -0.0120278
    ],
    "14": [
        20.7635,
        -1.85904,
        -5.91851,
        -0.506636,
        0.861933,
        -0.0188986,
        0.00586062
    ],
    "15": [
        23.981,
        4.0468,
        -6.02403,
        -0.56459,
        0.820509,
        -0.0631552,
        0.0633673
    ],
    "16": [
        25.9115,
        12.0663,
        -6.9991,
        -0.599943,
        0.799716,
        -0.0209496,
        -0.0091186
    ],
    "17": [
        28.8163,
        21.1023,
        -6.80024,
        -0.612582,
        0.789992,
        -0.001869,
        -0.0255312
    ],
    "18": [
        29.1383,
        26.9414,
        -9.60855,
        -0.68823,
        0.706883,
        -0.0180718,
        -0.162266
    ],
    "48": [
        31.9429,
        28.1212,
        -0.967291,
        -0.154886,
        -0.0783646,
        -0.828663,
        0.532154
    ],
    "47": [
        27.7586,
        21.0145,
        2.8082,
        0.0322419,
        -0.0436344,
        -0.808283,
        0.586289
    ],
    "46": [
        23.8754,
        10.6092,
        5.01528,
        -0.0297045,
        0.0118125,
        -0.816382,
        0.576626
    ],
    "45": [
        20.5556,
        2.22648,
        5.26744,
        -0.0187584,
        -0.0409808,
        -0.838556,
        0.542948
    ],
    "44": [
        17.5058,
        -3.63744,
        6.13205,
        -0.00175907,
        0.0839199,
        0.887196,
        -0.453694
    ],
    "43": [
        13.5441,
        -7.71468,
        8.048,
        -0.0249343,
        0.184274,
        0.945484,
        -0.267359
    ],
    "42": [
        8.70318,
        -11.5231,
        6.7162,
        0.0508643,
        0.13863,
        0.988582,
        -0.0299964
    ],
    "41": [
        3.48833,
        -11.2215,
        7.16598,
        -0.0316689,
        0.169547,
        0.985005,
        0.00399211
    ],
    "31": [
        -0.871126,
        -11.1613,
        7.27792,
        -0.147692,
        0.0149923,
        -0.0308991,
        0.988437
    ],
    "32": [
        -5.65811,
        -10.542,
        7.1027,
        -0.153609,
        0.00652772,
        -0.0678832,
        0.985776
    ],
    "33": [
        -10.5129,
        -6.6655,
        7.5451,
        -0.189177,
        0.0164713,
        -0.277579,
        0.941749
    ],
    "34": [
        -14.8987,
        -3.13455,
        6.1253,
        -0.107343,
        0.0156082,
        -0.453544,
        0.884608
    ],
    "35": [
        -17.6468,
        2.74296,
        4.81018,
        -0.12532,
        0.0342661,
        -0.510693,
        0.84989
    ],
    "36": [
        -21.4096,
        10.9772,
        4.48427,
        0.0110837,
        -0.0284137,
        -0.568844,
        0.82188
    ],
    "37": [
        -25.3287,
        21.705,
        4.53732,
        0.00111682,
        -0.0581142,
        -0.585976,
        0.808241
    ],
    "38": [
        -29.4743,
        28.3253,
        -1.07369,
        -0.0583841,
        -0.144449,
        -0.557882,
        0.815165
    ]
}