{
    "28": [
        -25.596,
        27.6442,
        -9.61858,
        -0.693328,
        0.710695,
        -0.1041,
        -0.0580694
    ],
    "27": [
        -25.7719,
        22.4537,
        -7.88037,
        0.780589,
        -0.624056,
        0.0351023,
        -0.00172573
    ],
    "26": [
        -22.6067,
        13.6079,
        -6.64369,
        0.806422,
        -0.591046,
        0.0103412,
        -0.0155242
    ],
    "25": [
        -20.2906,
        5.13716,
        -6.43372,
        0.814039,
        -0.580271,
        -0.0250058,
        0.000585058
    ],
    "24": [
        -16.9387,
        -0.635975,
        -5.90008,
        0.847238,
        -0.530797,
        -0.0209385,
        -0.00192533
    ],
    "23": [
        -13.6048,
        -8.02398,
        -5.60567,
        0.870491,
        -0.444664,
        -0.0121255,
        -0.210646
    ],
    "22": [
        -7.58353,
        -12.1962,
        -6.82364,
        0.947868,
        -0.208776,
        -0.0159086,
        -0.240222
    ],
    "21": [
        -1.98536,
        -15.1019,
        -8.14495,
        0.937811,
        0.0243941,
        0.0894539,
        -0.334535
    ],
    "11": [
        5.06625,
        -15.2416,
        -6.64912,
        -0.0621155,
        0.964493,
        0.255764,
        0.0218893
    ],
    "12": [
        11.6485,
        -13.3584,
        -6.39703,
        -0.159571,
        0.943418,
        0.286185,
        -0.0509774
    ],
    "13": [
        16.8152,
        -8.33426,
        -5.68861,
        -0.433454,
        0.85776,
        0.276339,
        0.00147972
    ],
    "14": [
        20.7635,
        -1.85904,
        -5.91851,
        -0.506636,
        0.861933,
        -0.0188986,
        0.00586062
    ],
    "15": [
        23.981,
        4.0468,
        -6.02403,
        -0.56459,
        0.820509,
        -0.0631552,
        0.0633673
    ],
    "16": [
        25.9115,
        12.0663,
        -6.9991,
        -0.599943,
        0.799716,
        -0.0209496,
        -0.0091186
    ],
    "17": [
        28.8163,
        21.1023,
        -6.80024,
        -0.612582,
        0.789992,
        -0.001869,
        -0.0255312
    ],
    "18": [
        29.1383,
        26.9414,
        -9.60855,
        -0.68823,
        0.706883,
        -0.0180718,
        -0.162266
    ],
    "48": [
        31.9429,
        28.1212,
        -0.967291,
        -0.154886,
        -0.0783646,
        -0.828663,
        0.532154
    ],
    "47": [
        27.7586,
        21.0145,
        2.8082,
        0.0322419,
        -0.0436344,
        -0.808283,
        0.586289
    ],
    "46": [
        23.8754,
        10.6092,
        5.01528,
        -0.0297045,
        0.0118125,
        -0.816382,
        0.576626
    ],
    "45": [
        20.5556,
        2.22648,
        5.26744,
        -0.0187584,
        -0.0409808,
        -0.838556,
        0.542948
    ],
    "44": [
        17.5058,
        -3.63744,
        6.13205,
        -0.00175907,
        0.0839199,
        0.887196,
        -0.453694
    ],
    "43": [
        14.1136,
        -8.53475,
        8.00261,
        0.0534224,
        0.140457,
        0.921364,
        -0.358476
    ],
    "42": [
        8.66541,
        -13.4332,
        7.43566,
        -0.0800939,
        0.0542238,
        0.977651,
        0.186666
    ],
    "41": [
        4.00578,
        -13.4042,
        7.0266,
        -0.0660635,
        0.118065,
        0.990168,
        0.0355537
    ],
    "31": [
        -0.269406,
        -13.2806,
        7.295,
        -0.0791847,
        0.0231181,
        0.00643803,
        0.996571
    ],
    "32": [
        -5.00327,
        -13.0314,
        7.49289,
        -0.0755107,
        0.0810752,
        0.151939,
        0.982161
    ],
    "33": [
        -10.7134,
        -8.3066,
        7.792,
        -0.151562,
        -0.0194888,
        -0.315915,
        0.936401
    ],
    "34": [
        -14.8987,
        -3.13455,
        6.1253,
        -0.107343,
        0.0156082,
        -0.453544,
        0.884608
    ],
    "35": [
        -17.6468,
        2.74296,
        4.81018,
        -0.12532,
        0.0342661,
        -0.510693,
        0.84989
    ],
    "36": [
        -21.4096,
        10.9772,
        4.48427,
        0.0110837,
        -0.0284137,
        -0.568844,
        0.82188
    ],
    "37": [
        -25.3287,
        21.705,
        4.53732,
        0.00111682,
        -0.0581142,
        -0.585976,
        0.808241
    ],
    "38": [
        -29.4743,
        28.3253,
        -1.07369,
        -0.0583841,
        -0.144449,
        -0.557882,
        0.815165
    ]
}