{
    "28": [
        -25.596,
        27.6442,
        -9.61858,
        -0.693328,
        0.710695,
        -0.1041,
        -0.0580694
    ],
    "27": [
        -25.7719,
        22.4537,
        -7.88037,
        0.780589,
        -0.624056,
        0.0351023,
        -0.00172573
    ],
    "26": [
        -22.6067,
        13.6079,
        -6.64369,
        0.806422,
        -0.591046,
        0.0103412,
        -0.0155242
    ],
    "25": [
        -20.7887,
        5.59722,
        -6.52692,
        0.812319,
        -0.582329,
        -0.0319239,
        0.00331338
    ],
    "24": [
        -17.4196,
        -0.201483,
        -5.93331,
        0.846497,
        -0.531771,
        -0.0253906,
        -0.00424338
    ],
    "23": [
        -13.9391,
        -7.50912,
        -5.62354,
        0.876184,
        -0.433259,
        -0.00968381,
        -0.210936
    ],
    "22": [
        -7.58353,
        -12.1962,
        -6.82364,
        0.947868,
        -0.208776,
        -0.0159086,
        -0.240222
    ],
    "21": [
        -1.97071,
        -15.1022,
        -8.14172,
        0.938619,
        0.0220223,
        0.0800938,
        -0.334806
    ],
    "11": [
        5.25238,
        -15.1993,
        -6.62113,
        -0.0586712,
        0.9642,
        0.257956,
        0.0183017
    ],
    "12": [
        11.9382,
        -13.1967,
        -6.37103,
        -0.165105,
        0.942525,
        0.286394,
        -0.0486454
    ],
    "13": [
        17.0537,
        -8.09941,
        -5.63818,
        -0.406741,
        0.870115,
        0.278308,
        -0.00259139
    ],
    "14": [
        20.7635,
        -1.85904,
        -5.91851,
        -0.506636,
        0.861933,
        -0.0188986,
        0.00586062
    ],
    "15": [
        23.981,
        4.0468,
        -6.02403,
        -0.56459,
        0.820509,
        -0.0631552,
        0.0633673
    ],
    "16": [
        25.9115,
        12.0663,
        -6.9991,
        -0.599943,
        0.799716,
        -0.0209496,
        -0.0091186
    ],
    "17": [
        28.8163,
        21.1023,
        -6.80024,
        -0.612582,
        0.789992,
        -0.001869,
        -0.0255312
    ],
    "18": [
        29.1383,
        26.9414,
        -9.60855,
        -0.68823,
        0.706883,
        -0.0180718,
        -0.162266
    ],
    "48": [
        31.9429,
        28.1212,
        -0.967291,
        -0.154886,
        -0.0783646,
        -0.828663,
        0.532154
    ],
    "47": [
        27.7586,
        21.0145,
        2.8082,
        0.0322419,
        -0.0436344,
        -0.808283,
        0.586289
    ],
    "46": [
        23.8754,
        10.6092,
        5.01528,
        -0.0297045,
        0.0118125,
        -0.816382,
        0.576626
    ],
    "45": [
        20.5556,
        2.22648,
        5.26744,
        -0.0187584,
        -0.0409808,
        -0.838556,
        0.542948
    ],
    "44": [
        17.5058,
        -3.63744,
        6.13205,
        -0.00175907,
        0.0839199,
        0.887196,
        -0.453694
    ],
    "43": [
        14.376,
        -8.24695,
        7.97105,
        0.0435226,
        0.148523,
        0.924251,
        -0.349009
    ],
    "42": [
        8.79366,
        -13.3767,
        7.45279,
        -0.0599956,
        0.0641628,
        0.984726,
        0.150326
    ],
    "41": [
        3.67556,
        -13.4482,
        7.08348,
        -0.0551741,
        0.121936,
        0.990422,
        0.0339468
    ],
    "31": [
        -0.74096,
        -13.1888,
        7.29361,
        -0.0847634,
        0.0224639,
        0.00340907,
        0.996142
    ],
    "32": [
        -5.55065,
        -12.8541,
        7.54301,
        -0.0829292,
        0.0661086,
        0.115996,
        0.987571
    ],
    "33": [
        -10.9629,
        -7.83738,
        7.77198,
        -0.154639,
        -0.0165771,
        -0.312852,
        0.936982
    ],
    "34": [
        -14.8987,
        -3.13455,
        6.1253,
        -0.107343,
        0.0156082,
        -0.453544,
        0.884608
    ],
    "35": [
        -17.6468,
        2.74296,
        4.81018,
        -0.12532,
        0.0342661,
        -0.510693,
        0.84989
    ],
    "36": [
        -21.4096,
        10.9772,
        4.48427,
        0.0110837,
        -0.0284137,
        -0.568844,
        0.82188
    ],
    "37": [
        -25.3287,
        21.705,
        4.53732,
        0.00111682,
        -0.0581142,
        -0.585976,
        0.808241
    ],
    "38": [
        -29.4743,
        28.3253,
        -1.07369,
        -0.0583841,
        -0.144449,
        -0.557882,
        0.815165
    ]
}