{
    "28": [
        -25.596,
        27.6442,
        -9.61858,
        -0.693328,
        0.710695,
        -0.1041,
        -0.0580694
    ],
    "27": [
        -25.7719,
        22.4537,
        -7.88037,
        0.780589,
        -0.624056,
        0.0351023,
        -0.00172573
    ],
    "26": [
        -22.6067,
        13.6079,
        -6.64369,
        0.806422,
        -0.591046,
        0.0103412,
        -0.0155242
    ],
    "25": [
        -20.6227,
        5.44387,
        -6.49585,
        0.812898,
        -0.581647,
        -0.0296181,
        0.00240395
    ],
    "24": [
        -17.2593,
        -0.346314,
        -5.92223,
        0.846746,
        -0.531448,
        -0.0239066,
        -0.0034707
    ],
    "23": [
        -13.8276,
        -7.68074,
        -5.61759,
        0.874303,
        -0.437069,
        -0.0104979,
        -0.210843
    ],
    "22": [
        -7.58353,
        -12.1962,
        -6.82364,
        0.947868,
        -0.208776,
        -0.0159086,
        -0.240222
    ],
    "21": [
        -1.97559,
        -15.1021,
        -8.14279,
        0.938359,
        0.0228131,
        0.0832147,
        -0.334719
    ],
    "11": [
        5.19034,
        -15.2134,
        -6.63046,
        -0.0598195,
        0.964301,
        0.257226,
        0.0194977
    ],
    "12": [
        11.8417,
        -13.2506,
        -6.3797,
        -0.163261,
        0.942826,
        0.286325,
        -0.0494229
    ],
    "13": [
        16.9742,
        -8.17769,
        -5.65499,
        -0.415687,
        0.866082,
        0.277679,
        -0.00123442
    ],
    "14": [
        20.7635,
        -1.85904,
        -5.91851,
        -0.506636,
        0.861933,
        -0.0188986,
        0.00586062
    ],
    "15": [
        23.981,
        4.0468,
        -6.02403,
        -0.56459,
        0.820509,
        -0.0631552,
        0.0633673
    ],
    "16": [
        25.9115,
        12.0663,
        -6.9991,
        -0.599943,
        0.799716,
        -0.0209496,
        -0.0091186
    ],
    "17": [
        28.8163,
        21.1023,
        -6.80024,
        -0.612582,
        0.789992,
        -0.001869,
        -0.0255312
    ],
    "18": [
        29.1383,
        26.9414,
        -9.60855,
        -0.68823,
        0.706883,
        -0.0180718,
        -0.162266
    ],
    "48": [
        31.9429,
        28.1212,
        -0.967291,
        -0.154886,
        -0.0783646,
        -0.828663,
        0.532154
    ],
    "47": [
        27.7586,
        21.0145,
        2.8082,
        0.0322419,
        -0.0436344,
        -0.808283,
        0.586289
    ],
    "46": [
        23.8754,
        10.6092,
        5.01528,
        -0.0297045,
        0.0118125,
        -0.816382,
        0.576626
    ],
    "45": [
        20.5556,
        2.22648,
        5.26744,
        -0.0187584,
        -0.0409808,
        -0.838556,
        0.542948
    ],
    "44": [
        17.5058,
        -3.63744,
        6.13205,
        -0.00175907,
        0.0839199,
        0.887196,
        -0.453694
    ],
    "43": [
        14.2885,
        -8.34288,
        7.98157,
        0.0468239,
        0.145839,
        0.923316,
        -0.352175
    ],
    "42": [
        8.75091,
        -13.3955,
        7.44708,
        -0.0667094,
        0.0608622,
        0.982572,
        0.162474
    ],
    "41": [
        3.78563,
        -13.4336,
        7.06452,
        -0.0588048,
        0.120647,
        0.990352,
        0.034483
    ],
    "31": [
        -0.583776,
        -13.2194,
        7.29408,
        -0.0829042,
        0.0226821,
        0.00441874,
        0.99629
    ],
    "32": [
        -5.36819,
        -12.9132,
        7.5263,
        -0.0804716,
        0.0711072,
        0.128002,
        0.985943
    ],
    "33": [
        -10.8797,
        -7.99379,
        7.77865,
        -0.153614,
        -0.0175478,
        -0.313874,
        0.936791
    ],
    "34": [
        -14.8987,
        -3.13455,
        6.1253,
        -0.107343,
        0.0156082,
        -0.453544,
        0.884608
    ],
    "35": [
        -17.6468,
        2.74296,
        4.81018,
        -0.12532,
        0.0342661,
        -0.510693,
        0.84989
    ],
    "36": [
        -21.4096,
        10.9772,
        4.48427,
        0.0110837,
        -0.0284137,
        -0.568844,
        0.82188
    ],
    "37": [
        -25.3287,
        21.705,
        4.53732,
        0.00111682,
        -0.0581142,
        -0.585976,
        0.808241
    ],
    "38": [
        -29.4743,
        28.3253,
        -1.07369,
        -0.0583841,
        -0.144449,
        -0.557882,
        0.815165
    ]
}