{
    "28": [
        -25.596,
        27.6442,
        -9.61858,
        -0.693328,
        0.710695,
        -0.1041,
        -0.0580694
    ],
    "27": [
        -25.7719,
        22.4537,
        -7.88037,
        0.780589,
        -0.624056,
        0.0351023,
        -0.00172573
    ],
    "26": [
        -22.6067,
        13.6079,
        -6.64369,
        0.806422,
        -0.591046,
        0.0103412,
        -0.0155242
    ],
    "25": [
        -19.6264,
        4.52375,
        -6.30946,
        0.816254,
        -0.57747,
        -0.0157793,
        -0.00305273
    ],
    "24": [
        -16.2974,
        -1.2153,
        -5.85576,
        0.84819,
        -0.529478,
        -0.0150015,
        0.00116545
    ],
    "23": [
        -13.159,
        -8.71047,
        -5.58183,
        0.862672,
        -0.459754,
        -0.0153778,
        -0.210205
    ],
    "22": [
        -7.58353,
        -12.1962,
        -6.82364,
        0.947868,
        -0.208776,
        -0.0159086,
        -0.240222
    ],
    "21": [
        -2.00488,
        -15.1016,
        -8.14926,
        0.936597,
        0.0275529,
        0.101921,
        -0.334125
    ],
    "11": [
        4.81807,
        -15.2981,
        -6.68645,
        -0.066705,
        0.96484,
        0.25283,
        0.0266717
    ],
    "12": [
        11.2622,
        -13.574,
        -6.43171,
        -0.152183,
        0.944554,
        0.285889,
        -0.0540838
    ],
    "13": [
        16.4972,
        -8.64739,
        -5.75585,
        -0.468468,
        0.840107,
        0.273333,
        0.00690523
    ],
    "14": [
        20.7635,
        -1.85904,
        -5.91851,
        -0.506636,
        0.861933,
        -0.0188986,
        0.00586062
    ],
    "15": [
        23.981,
        4.0468,
        -6.02403,
        -0.56459,
        0.820509,
        -0.0631552,
        0.0633673
    ],
    "16": [
        25.9115,
        12.0663,
        -6.9991,
        -0.599943,
        0.799716,
        -0.0209496,
        -0.0091186
    ],
    "17": [
        28.8163,
        21.1023,
        -6.80024,
        -0.612582,
        0.789992,
        -0.001869,
        -0.0255312
    ],
    "18": [
        29.1383,
        26.9414,
        -9.60855,
        -0.68823,
        0.706883,
        -0.0180718,
        -0.162266
    ],
    "48": [
        31.9429,
        28.1212,
        -0.967291,
        -0.154886,
        -0.0783646,
        -0.828663,
        0.532154
    ],
    "47": [
        27.7586,
        21.0145,
        2.8082,
        0.0322419,
        -0.0436344,
        -0.808283,
        0.586289
    ],
    "46": [
        23.8754,
        10.6092,
        5.01528,
        -0.0297045,
        0.0118125,
        -0.816382,
        0.576626
    ],
    "45": [
        20.5556,
        2.22648,
        5.26744,
        -0.0187584,
        -0.0409808,
        -0.838556,
        0.542948
    ],
    "44": [
        17.5058,
        -3.63744,
        6.13205,
        -0.00175907,
        0.0839199,
        0.887196,
        -0.453694
    ],
    "43": [
        13.7638,
        -8.9185,
        8.04468,
        0.0666,
        0.129647,
        0.917142,
        -0.370953
    ],
    "42": [
        8.49441,
        -13.5084,
        7.41283,
        -0.106652,
        0.040817,
        0.96537,
        0.234564
    ],
    "41": [
        4.11585,
        -13.3896,
        7.00765,
        -0.0696914,
        0.116771,
        0.990053,
        0.0360883
    ],
    "31": [
        -0.112221,
        -13.3111,
        7.29546,
        -0.0773243,
        0.023336,
        0.00744763,
        0.996705
    ],
    "32": [
        -4.7902,
        -13.1068,
        7.47618,
        -0.0698309,
        0.088641,
        0.199397,
        0.9734
    ],
    "33": [
        -10.3035,
        -8.84138,
        7.8501,
        -0.140237,
        -0.041872,
        -0.319744,
        0.936133
    ],
    "34": [
        -14.6357,
        -3.69563,
        6.14962,
        -0.0974704,
        -0.00229415,
        -0.467561,
        0.878568
    ],
    "35": [
        -17.4928,
        2.60722,
        4.85418,
        -0.120527,
        0.0260455,
        -0.510839,
        0.850787
    ],
    "36": [
        -21.4096,
        10.9772,
        4.48427,
        0.0110837,
        -0.0284137,
        -0.568844,
        0.82188
    ],
    "37": [
        -25.3287,
        21.705,
        4.53732,
        0.00111682,
        -0.0581142,
        -0.585976,
        0.808241
    ],
    "38": [
        -29.4743,
        28.3253,
        -1.07369,
        -0.0583841,
        -0.144449,
        -0.557882,
        0.815165
    ]
}