{
    "28": [
        -25.596,
        27.6442,
        -9.61858,
        -0.693328,
        0.710695,
        -0.1041,
        -0.0580694
    ],
    "27": [
        -25.7719,
        22.4537,
        -7.88037,
        0.780589,
        -0.624056,
        0.0351023,
        -0.00172573
    ],
    "26": [
        -22.6067,
        13.6079,
        -6.64369,
        0.806422,
        -0.591046,
        0.0103412,
        -0.0155242
    ],
    "25": [
        -20.7887,
        5.59722,
        -6.52692,
        0.812319,
        -0.582329,
        -0.0319239,
        0.00331338
    ],
    "24": [
        -17.5799,
        -0.056653,
        -5.94439,
        0.846245,
        -0.532092,
        -0.0268745,
        -0.00501603
    ],
    "23": [
        -14.5422,
        -6.54692,
        -5.67407,
        0.893267,
        -0.398289,
        -0.00405865,
        -0.208384
    ],
    "22": [
        -8.78398,
        -10.9386,
        -7.34227,
        0.946374,
        -0.226263,
        0.0389604,
        -0.227296
    ],
    "21": [
        -1.96324,
        -13.7386,
        -7.45216,
        0.95363,
        -0.00700564,
        0.053106,
        -0.296177
    ],
    "11": [
        5.49632,
        -14.1539,
        -6.55117,
        -0.0482559,
        0.963142,
        0.264524,
        0.00748575
    ],
    "12": [
        12.2554,
        -11.9376,
        -6.35798,
        -0.174713,
        0.940946,
        0.286671,
        -0.0437715
    ],
    "13": [
        17.6879,
        -7.34741,
        -5.57662,
        -0.323787,
        0.904755,
        0.276523,
        -0.0106961
    ],
    "14": [
        20.7635,
        -1.85904,
        -5.91851,
        -0.506636,
        0.861933,
        -0.0188986,
        0.00586062
    ],
    "15": [
        23.981,
        4.0468,
        -6.02403,
        -0.56459,
        0.820509,
        -0.0631552,
        0.0633673
    ],
    "16": [
        25.9115,
        12.0663,
        -6.9991,
        -0.599943,
        0.799716,
        -0.0209496,
        -0.0091186
    ],
    "17": [
        28.8163,
        21.1023,
        -6.80024,
        -0.612582,
        0.789992,
        -0.001869,
        -0.0255312
    ],
    "18": [
        29.1383,
        26.9414,
        -9.60855,
        -0.68823,
        0.706883,
        -0.0180718,
        -0.162266
    ],
    "48": [
        31.9429,
        28.1212,
        -0.967291,
        -0.154886,
        -0.0783646,
        -0.828663,
        0.532154
    ],
    "47": [
        27.7586,
        21.0145,
        2.8082,
        0.0322419,
        -0.0436344,
        -0.808283,
        0.586289
    ],
    "46": [
        23.8754,
        10.6092,
        5.01528,
        -0.0297045,
        0.0118125,
        -0.816382,
        0.576626
    ],
    "45": [
        20.5556,
        2.22648,
        5.26744,
        -0.0187584,
        -0.0409808,
        -0.838556,
        0.542948
    ],
    "44": [
        17.5058,
        -3.63744,
        6.13205,
        -0.00175907,
        0.0839199,
        0.887196,
        -0.453694
    ],
    "43": [
        13.7529,
        -7.91336,
        8.04763,
        -0.0140974,
        0.178919,
        0.942875,
        -0.280671
    ],
    "42": [
        8.84178,
        -12.0976,
        6.93872,
        0.0281698,
        0.114235,
        0.992543,
        0.0318589
    ],
    "41": [
        3.50119,
        -11.5951,
        7.15539,
        -0.0349928,
        0.161863,
        0.986152,
        0.00889822
    ],
    "31": [
        -0.875629,
        -11.4942,
        7.28046,
        -0.137556,
        0.0162073,
        -0.0253555,
        0.990037
    ],
    "32": [
        -5.66741,
        -11.1425,
        7.24021,
        -0.128784,
        0.0234745,
        -0.00606694,
        0.991376
    ],
    "33": [
        -10.63,
        -6.8178,
        7.5818,
        -0.183633,
        0.0111216,
        -0.283352,
        0.941205
    ],
    "34": [
        -14.8987,
        -3.13455,
        6.1253,
        -0.107343,
        0.0156082,
        -0.453544,
        0.884608
    ],
    "35": [
        -17.6468,
        2.74296,
        4.81018,
        -0.12532,
        0.0342661,
        -0.510693,
        0.84989
    ],
    "36": [
        -21.4096,
        10.9772,
        4.48427,
        0.0110837,
        -0.0284137,
        -0.568844,
        0.82188
    ],
    "37": [
        -25.3287,
        21.705,
        4.53732,
        0.00111682,
        -0.0581142,
        -0.585976,
        0.808241
    ],
    "38": [
        -29.4743,
        28.3253,
        -1.07369,
        -0.0583841,
        -0.144449,
        -0.557882,
        0.815165
    ]
}