{
    "28": [
        -25.596,
        27.6442,
        -9.61858,
        -0.693328,
        0.710695,
        -0.1041,
        -0.0580694
    ],
    "27": [
        -25.7719,
        22.4537,
        -7.88037,
        0.780589,
        -0.624056,
        0.0351023,
        -0.00172573
    ],
    "26": [
        -22.6067,
        13.6079,
        -6.64369,
        0.806422,
        -0.591046,
        0.0103412,
        -0.0155242
    ],
    "25": [
        -20.7887,
        5.59722,
        -6.52692,
        0.812319,
        -0.582329,
        -0.0319239,
        0.00331338
    ],
    "24": [
        -17.5799,
        -0.056653,
        -5.94439,
        0.846245,
        -0.532092,
        -0.0268745,
        -0.00501603
    ],
    "23": [
        -14.5789,
        -6.46365,
        -5.69065,
        0.899397,
        -0.385555,
        -0.00281485,
        -0.205973
    ],
    "22": [
        -8.80402,
        -10.437,
        -7.45932,
        0.945419,
        -0.230874,
        0.050053,
        -0.224444
    ],
    "21": [
        -1.88994,
        -12.7846,
        -7.47385,
        0.95842,
        -0.0253443,
        0.0433592,
        -0.280908
    ],
    "11": [
        5.43326,
        -13.2801,
        -6.53252,
        -0.0445171,
        0.9627,
        0.266861,
        0.00361701
    ],
    "12": [
        12.0602,
        -11.3129,
        -6.37872,
        -0.175031,
        0.940935,
        0.286632,
        -0.0429849
    ],
    "13": [
        17.7075,
        -7.25921,
        -5.59461,
        -0.29327,
        0.916267,
        0.272597,
        -0.0117612
    ],
    "14": [
        20.7635,
        -1.85904,
        -5.91851,
        -0.506636,
        0.861933,
        -0.0188986,
        0.00586062
    ],
    "15": [
        23.981,
        4.0468,
        -6.02403,
        -0.56459,
        0.820509,
        -0.0631552,
        0.0633673
    ],
    "16": [
        25.9115,
        12.0663,
        -6.9991,
        -0.599943,
        0.799716,
        -0.0209496,
        -0.0091186
    ],
    "17": [
        28.8163,
        21.1023,
        -6.80024,
        -0.612582,
        0.789992,
        -0.001869,
        -0.0255312
    ],
    "18": [
        29.1383,
        26.9414,
        -9.60855,
        -0.68823,
        0.706883,
        -0.0180718,
        -0.162266
    ],
    "48": [
        31.9429,
        28.1212,
        -0.967291,
        -0.154886,
        -0.0783646,
        -0.828663,
        0.532154
    ],
    "47": [
        27.7586,
        21.0145,
        2.8082,
        0.0322419,
        -0.0436344,
        -0.808283,
        0.586289
    ],
    "46": [
        23.8754,
        10.6092,
        5.01528,
        -0.0297045,
        0.0118125,
        -0.816382,
        0.576626
    ],
    "45": [
        20.5556,
        2.22648,
        5.26744,
        -0.0187584,
        -0.0409808,
        -0.838556,
        0.542948
    ],
    "44": [
        17.5058,
        -3.63744,
        6.13205,
        -0.00175907,
        0.0839199,
        0.887196,
        -0.453694
    ],
    "43": [
        13.5765,
        -7.75775,
        8.05033,
        -0.0237345,
        0.183686,
        0.94521,
        -0.26884
    ],
    "42": [
        8.73798,
        -11.6317,
        6.75739,
        0.0474469,
        0.133838,
        0.989712,
        -0.0175133
    ],
    "41": [
        3.48976,
        -11.263,
        7.16481,
        -0.0320384,
        0.168694,
        0.985137,
        0.00453724
    ],
    "31": [
        -0.871627,
        -11.1983,
        7.2782,
        -0.146567,
        0.0151274,
        -0.0302833,
        0.988621
    ],
    "32": [
        -5.65861,
        -10.6462,
        7.1282,
        -0.148625,
        0.00971815,
        -0.0555053,
        0.987287
    ],
    "33": [
        -10.5306,
        -6.6796,
        7.54918,
        -0.188562,
        0.0158769,
        -0.278222,
        0.941692
    ],
    "34": [
        -14.8987,
        -3.13455,
        6.1253,
        -0.107343,
        0.0156082,
        -0.453544,
        0.884608
    ],
    "35": [
        -17.6468,
        2.74296,
        4.81018,
        -0.12532,
        0.0342661,
        -0.510693,
        0.84989
    ],
    "36": [
        -21.4096,
        10.9772,
        4.48427,
        0.0110837,
        -0.0284137,
        -0.568844,
        0.82188
    ],
    "37": [
        -25.3287,
        21.705,
        4.53732,
        0.00111682,
        -0.0581142,
        -0.585976,
        0.808241
    ],
    "38": [
        -29.4743,
        28.3253,
        -1.07369,
        -0.0583841,
        -0.144449,
        -0.557882,
        0.815165
    ]
}