{
    "28": [
        -25.596,
        27.6442,
        -9.61858,
        -0.693328,
        0.710695,
        -0.1041,
        -0.0580694
    ],
    "27": [
        -25.7719,
        22.4537,
        -7.88037,
        0.780589,
        -0.624056,
        0.0351023,
        -0.00172573
    ],
    "26": [
        -22.6067,
        13.6079,
        -6.64369,
        0.806422,
        -0.591046,
        0.0103412,
        -0.0155242
    ],
    "25": [
        -19.7924,
        4.6771,
        -6.34053,
        0.815708,
        -0.578176,
        -0.0180861,
        -0.0021433
    ],
    "24": [
        -16.4577,
        -1.07047,
        -5.86684,
        0.847956,
        -0.52981,
        -0.0164858,
        0.000392752
    ],
    "23": [
        -13.2705,
        -8.53884,
        -5.58779,
        0.864651,
        -0.455994,
        -0.0145651,
        -0.210321
    ],
    "22": [
        -7.58353,
        -12.1962,
        -6.82364,
        0.947868,
        -0.208776,
        -0.0159086,
        -0.240222
    ],
    "21": [
        -2.0,
        -15.1016,
        -8.14818,
        0.936915,
        0.0267636,
        0.0988056,
        -0.334232
    ],
    "11": [
        4.88012,
        -15.2839,
        -6.67712,
        -0.065558,
        0.964758,
        0.253565,
        0.0254763
    ],
    "12": [
        11.3588,
        -13.5201,
        -6.42304,
        -0.154031,
        0.944276,
        0.285965,
        -0.0533075
    ],
    "13": [
        16.5767,
        -8.56911,
        -5.73904,
        -0.459782,
        0.844645,
        0.274125,
        0.00554955
    ],
    "14": [
        20.7635,
        -1.85904,
        -5.91851,
        -0.506636,
        0.861933,
        -0.0188986,
        0.00586062
    ],
    "15": [
        23.981,
        4.0468,
        -6.02403,
        -0.56459,
        0.820509,
        -0.0631552,
        0.0633673
    ],
    "16": [
        25.9115,
        12.0663,
        -6.9991,
        -0.599943,
        0.799716,
        -0.0209496,
        -0.0091186
    ],
    "17": [
        28.8163,
        21.1023,
        -6.80024,
        -0.612582,
        0.789992,
        -0.001869,
        -0.0255312
    ],
    "18": [
        29.1383,
        26.9414,
        -9.60855,
        -0.68823,
        0.706883,
        -0.0180718,
        -0.162266
    ],
    "48": [
        31.9429,
        28.1212,
        -0.967291,
        -0.154886,
        -0.0783646,
        -0.828663,
        0.532154
    ],
    "47": [
        27.7586,
        21.0145,
        2.8082,
        0.0322419,
        -0.0436344,
        -0.808283,
        0.586289
    ],
    "46": [
        23.8754,
        10.6092,
        5.01528,
        -0.0297045,
        0.0118125,
        -0.816382,
        0.576626
    ],
    "45": [
        20.5556,
        2.22648,
        5.26744,
        -0.0187584,
        -0.0409808,
        -0.838556,
        0.542948
    ],
    "44": [
        17.5058,
        -3.63744,
        6.13205,
        -0.00175907,
        0.0839199,
        0.887196,
        -0.453694
    ],
    "43": [
        13.8513,
        -8.82256,
        8.03417,
        0.0633083,
        0.132355,
        0.918238,
        -0.36785
    ],
    "42": [
        8.53716,
        -13.4896,
        7.41854,
        -0.100042,
        0.0441832,
        0.968743,
        0.222656
    ],
    "41": [
        4.11585,
        -13.3896,
        7.00765,
        -0.0696914,
        0.116771,
        0.990053,
        0.0360883
    ],
    "31": [
        -0.112221,
        -13.3111,
        7.29546,
        -0.0773243,
        0.023336,
        0.00744763,
        0.996705
    ],
    "32": [
        -4.8004,
        -13.1014,
        7.47618,
        -0.0709005,
        0.0877878,
        0.18758,
        0.975746
    ],
    "33": [
        -10.4124,
        -8.71525,
        7.83295,
        -0.143679,
        -0.0347364,
        -0.318828,
        0.936215
    ],
    "34": [
        -14.7234,
        -3.5086,
        6.14151,
        -0.100769,
        0.00367371,
        -0.462922,
        0.880645
    ],
    "35": [
        -17.6468,
        2.74296,
        4.81018,
        -0.12532,
        0.0342661,
        -0.510693,
        0.84989
    ],
    "36": [
        -21.4096,
        10.9772,
        4.48427,
        0.0110837,
        -0.0284137,
        -0.568844,
        0.82188
    ],
    "37": [
        -25.3287,
        21.705,
        4.53732,
        0.00111682,
        -0.0581142,
        -0.585976,
        0.808241
    ],
    "38": [
        -29.4743,
        28.3253,
        -1.07369,
        -0.0583841,
        -0.144449,
        -0.557882,
        0.815165
    ]
}