{
    "28": [
        -25.596,
        27.6442,
        -9.61858,
        -0.693328,
        0.710695,
        -0.1041,
        -0.0580694
    ],
    "27": [
        -25.7719,
        22.4537,
        -7.88037,
        0.780589,
        -0.624056,
        0.0351023,
        -0.00172573
    ],
    "26": [
        -22.6067,
        13.6079,
        -6.64369,
        0.806422,
        -0.591046,
        0.0103412,
        -0.0155242
    ],
    "25": [
        -20.7887,
        5.59722,
        -6.52692,
        0.812319,
        -0.582329,
        -0.0319239,
        0.00331338
    ],
    "24": [
        -17.5799,
        -0.056653,
        -5.94439,
        0.846245,
        -0.532092,
        -0.0268745,
        -0.00501603
    ],
    "23": [
        -14.3848,
        -6.82263,
        -5.64738,
        0.883545,
        -0.417939,
        -0.00642579,
        -0.211266
    ],
    "22": [
        -8.01193,
        -11.9899,
        -6.84039,
        0.947845,
        -0.217032,
        0.0171812,
        -0.232789
    ],
    "21": [
        -1.87362,
        -14.7732,
        -7.89047,
        0.945201,
        0.0170489,
        0.0680653,
        -0.318861
    ],
    "11": [
        5.50055,
        -15.1429,
        -6.58381,
        -0.0540761,
        0.963765,
        0.260865,
        0.0135175
    ],
    "12": [
        12.3245,
        -12.9811,
        -6.33635,
        -0.172474,
        0.94128,
        0.286656,
        -0.0455332
    ],
    "13": [
        17.3717,
        -7.78628,
        -5.57095,
        -0.370568,
        0.885385,
        0.280549,
        -0.00801536
    ],
    "14": [
        20.7635,
        -1.85904,
        -5.91851,
        -0.506636,
        0.861933,
        -0.0188986,
        0.00586062
    ],
    "15": [
        23.981,
        4.0468,
        -6.02403,
        -0.56459,
        0.820509,
        -0.0631552,
        0.0633673
    ],
    "16": [
        25.9115,
        12.0663,
        -6.9991,
        -0.599943,
        0.799716,
        -0.0209496,
        -0.0091186
    ],
    "17": [
        28.8163,
        21.1023,
        -6.80024,
        -0.612582,
        0.789992,
        -0.001869,
        -0.0255312
    ],
    "18": [
        29.1383,
        26.9414,
        -9.60855,
        -0.68823,
        0.706883,
        -0.0180718,
        -0.162266
    ],
    "48": [
        31.9429,
        28.1212,
        -0.967291,
        -0.154886,
        -0.0783646,
        -0.828663,
        0.532154
    ],
    "47": [
        27.7586,
        21.0145,
        2.8082,
        0.0322419,
        -0.0436344,
        -0.808283,
        0.586289
    ],
    "46": [
        23.8754,
        10.6092,
        5.01528,
        -0.0297045,
        0.0118125,
        -0.816382,
        0.576626
    ],
    "45": [
        20.5556,
        2.22648,
        5.26744,
        -0.0187584,
        -0.0409808,
        -0.838556,
        0.542948
    ],
    "44": [
        17.5058,
        -3.63744,
        6.13205,
        -0.00175907,
        0.0839199,
        0.887196,
        -0.453694
    ],
    "43": [
        14.2266,
        -8.0718,
        7.98957,
        0.0221304,
        0.160584,
        0.931927,
        -0.3244
    ],
    "42": [
        8.8382,
        -12.9378,
        7.28524,
        -0.0261448,
        0.0832609,
        0.990852,
        0.102942
    ],
    "41": [
        3.54406,
        -12.8403,
        7.12009,
        -0.0460402,
        0.136141,
        0.989297,
        0.0252448
    ],
    "31": [
        -0.89064,
        -12.6036,
        7.28892,
        -0.103642,
        0.0202404,
        -0.00685605,
        0.994385
    ],
    "32": [
        -5.71121,
        -12.2442,
        7.45321,
        -0.100063,
        0.0486191,
        0.0674061,
        0.991504
    ],
    "33": [
        -10.9074,
        -7.39325,
        7.70414,
        -0.16503,
        -0.00670288,
        -0.30241,
        0.938759
    ],
    "34": [
        -14.8987,
        -3.13455,
        6.1253,
        -0.107343,
        0.0156082,
        -0.453544,
        0.884608
    ],
    "35": [
        -17.6468,
        2.74296,
        4.81018,
        -0.12532,
        0.0342661,
        -0.510693,
        0.84989
    ],
    "36": [
        -21.4096,
        10.9772,
        4.48427,
        0.0110837,
        -0.0284137,
        -0.568844,
        0.82188
    ],
    "37": [
        -25.3287,
        21.705,
        4.53732,
        0.00111682,
        -0.0581142,
        -0.585976,
        0.808241
    ],
    "38": [
        -29.4743,
        28.3253,
        -1.07369,
        -0.0583841,
        -0.144449,
        -0.557882,
        0.815165
    ]
}