{
    "28": [
        -25.596,
        27.6442,
        -9.61858,
        -0.693328,
        0.710695,
        -0.1041,
        -0.0580694
    ],
    "27": [
        -25.7719,
        22.4537,
        -7.88037,
        0.780589,
        -0.624056,
        0.0351023,
        -0.00172573
    ],
    "26": [
        -22.6067,
        13.6079,
        -6.64369,
        0.806422,
        -0.591046,
        0.0103412,
        -0.0155242
    ],
    "25": [
        -20.7887,
        5.59722,
        -6.52692,
        0.812319,
        -0.582329,
        -0.0319239,
        0.00331338
    ],
    "24": [
        -17.5799,
        -0.056653,
        -5.94439,
        0.846245,
        -0.532092,
        -0.0268745,
        -0.00501603
    ],
    "23": [
        -14.5238,
        -6.58856,
        -5.66578,
        0.890133,
        -0.404625,
        -0.0046799,
        -0.209574
    ],
    "22": [
        -8.518,
        -11.3385,
        -7.1432,
        0.946916,
        -0.223387,
        0.0335579,
        -0.228739
    ],
    "21": [
        -1.91769,
        -14.1195,
        -7.60236,
        0.951009,
        0.00211761,
        0.0578942,
        -0.303686
    ],
    "11": [
        5.52283,
        -14.5438,
        -6.56049,
        -0.0501246,
        0.963351,
        0.263353,
        0.00942003
    ],
    "12": [
        12.3217,
        -12.3335,
        -6.34586,
        -0.174554,
        0.940951,
        0.28669,
        -0.0441648
    ],
    "13": [
        17.5932,
        -7.49165,
        -5.56763,
        -0.338915,
        0.89863,
        0.278383,
        -0.0101648
    ],
    "14": [
        20.7635,
        -1.85904,
        -5.91851,
        -0.506636,
        0.861933,
        -0.0188986,
        0.00586062
    ],
    "15": [
        23.981,
        4.0468,
        -6.02403,
        -0.56459,
        0.820509,
        -0.0631552,
        0.0633673
    ],
    "16": [
        25.9115,
        12.0663,
        -6.9991,
        -0.599943,
        0.799716,
        -0.0209496,
        -0.0091186
    ],
    "17": [
        28.8163,
        21.1023,
        -6.80024,
        -0.612582,
        0.789992,
        -0.001869,
        -0.0255312
    ],
    "18": [
        29.1383,
        26.9414,
        -9.60855,
        -0.68823,
        0.706883,
        -0.0180718,
        -0.162266
    ],
    "48": [
        31.9429,
        28.1212,
        -0.967291,
        -0.154886,
        -0.0783646,
        -0.828663,
        0.532154
    ],
    "47": [
        27.7586,
        21.0145,
        2.8082,
        0.0322419,
        -0.0436344,
        -0.808283,
        0.586289
    ],
    "46": [
        23.8754,
        10.6092,
        5.01528,
        -0.0297045,
        0.0118125,
        -0.816382,
        0.576626
    ],
    "45": [
        20.5556,
        2.22648,
        5.26744,
        -0.0187584,
        -0.0409808,
        -0.838556,
        0.542948
    ],
    "44": [
        17.5058,
        -3.63744,
        6.13205,
        -0.00175907,
        0.0839199,
        0.887196,
        -0.453694
    ],
    "43": [
        13.9108,
        -7.96618,
        8.02828,
        -0.00202002,
        0.172874,
        0.939611,
        -0.295368
    ],
    "42": [
        8.84059,
        -12.3777,
        7.05423,
        0.0100763,
        0.104018,
        0.992968,
        0.0556258
    ],
    "41": [
        3.51548,
        -12.0102,
        7.14362,
        -0.038681,
        0.153307,
        0.987317,
        0.0143487
    ],
    "31": [
        -0.880633,
        -11.864,
        7.28328,
        -0.126272,
        0.0175547,
        -0.0191919,
        0.991655
    ],
    "32": [
        -5.68201,
        -11.5097,
        7.31121,
        -0.119317,
        0.0318752,
        0.0184539,
        0.992173
    ],
    "33": [
        -10.7225,
        -7.00962,
        7.62258,
        -0.177453,
        0.0051783,
        -0.289736,
        0.940498
    ],
    "34": [
        -14.8987,
        -3.13455,
        6.1253,
        -0.107343,
        0.0156082,
        -0.453544,
        0.884608
    ],
    "35": [
        -17.6468,
        2.74296,
        4.81018,
        -0.12532,
        0.0342661,
        -0.510693,
        0.84989
    ],
    "36": [
        -21.4096,
        10.9772,
        4.48427,
        0.0110837,
        -0.0284137,
        -0.568844,
        0.82188
    ],
    "37": [
        -25.3287,
        21.705,
        4.53732,
        0.00111682,
        -0.0581142,
        -0.585976,
        0.808241
    ],
    "38": [
        -29.4743,
        28.3253,
        -1.07369,
        -0.0583841,
        -0.144449,
        -0.557882,
        0.815165
    ]
}