{
    "28": [
        -25.596,
        27.6442,
        -9.61858,
        -0.693328,
        0.710695,
        -0.1041,
        -0.0580694
    ],
    "27": [
        -25.7719,
        22.4537,
        -7.88037,
        0.780589,
        -0.624056,
        0.0351023,
        -0.00172573
    ],
    "26": [
        -22.6067,
        13.6079,
        -6.64369,
        0.806422,
        -0.591046,
        0.0103412,
        -0.0155242
    ],
    "25": [
        -20.7887,
        5.59722,
        -6.52692,
        0.812319,
        -0.582329,
        -0.0319239,
        0.00331338
    ],
    "24": [
        -17.5799,
        -0.056653,
        -5.94439,
        0.846245,
        -0.532092,
        -0.0268745,
        -0.00501603
    ],
    "23": [
        -14.5606,
        -6.50528,
        -5.68236,
        0.896355,
        -0.391932,
        -0.00343695,
        -0.207184
    ],
    "22": [
        -8.87932,
        -10.6381,
        -7.44765,
        0.945874,
        -0.228759,
        0.0444589,
        -0.225864
    ],
    "21": [
        -1.954,
        -13.2936,
        -7.40933,
        0.956101,
        -0.0161601,
        0.0482608,
        -0.288584
    ],
    "11": [
        5.46646,
        -13.7327,
        -6.54184,
        -0.0463867,
        0.962925,
        0.265694,
        0.0055514
    ],
    "12": [
        12.1682,
        -11.5974,
        -6.36894,
        -0.174872,
        0.94094,
        0.286652,
        -0.0433782
    ],
    "13": [
        17.726,
        -7.26993,
        -5.58561,
        -0.308571,
        0.910635,
        0.274595,
        -0.0112283
    ],
    "14": [
        20.7635,
        -1.85904,
        -5.91851,
        -0.506636,
        0.861933,
        -0.0188986,
        0.00586062
    ],
    "15": [
        23.981,
        4.0468,
        -6.02403,
        -0.56459,
        0.820509,
        -0.0631552,
        0.0633673
    ],
    "16": [
        25.9115,
        12.0663,
        -6.9991,
        -0.599943,
        0.799716,
        -0.0209496,
        -0.0091186
    ],
    "17": [
        28.8163,
        21.1023,
        -6.80024,
        -0.612582,
        0.789992,
        -0.001869,
        -0.0255312
    ],
    "18": [
        29.1383,
        26.9414,
        -9.60855,
        -0.68823,
        0.706883,
        -0.0180718,
        -0.162266
    ],
    "48": [
        31.9429,
        28.1212,
        -0.967291,
        -0.154886,
        -0.0783646,
        -0.828663,
        0.532154
    ],
    "47": [
        27.7586,
        21.0145,
        2.8082,
        0.0322419,
        -0.0436344,
        -0.808283,
        0.586289
    ],
    "46": [
        23.8754,
        10.6092,
        5.01528,
        -0.0297045,
        0.0118125,
        -0.816382,
        0.576626
    ],
    "45": [
        20.5556,
        2.22648,
        5.26744,
        -0.0187584,
        -0.0409808,
        -0.838556,
        0.542948
    ],
    "44": [
        17.5058,
        -3.63744,
        6.13205,
        -0.00175907,
        0.0839199,
        0.887196,
        -0.453694
    ],
    "43": [
        13.6415,
        -7.84389,
        8.05498,
        -0.0213346,
        0.182507,
        0.944648,
        -0.271801
    ],
    "42": [
        8.80758,
        -11.849,
        6.83978,
        0.0406163,
        0.124171,
        0.991401,
        0.00746671
    ],
    "41": [
        3.49262,
        -11.3461,
        7.16245,
        -0.0327773,
        0.166988,
        0.985398,
        0.00562752
    ],
    "31": [
        -0.872627,
        -11.2723,
        7.27876,
        -0.144316,
        0.0153976,
        -0.0290517,
        0.988985
    ],
    "32": [
        -5.65961,
        -10.8547,
        7.1792,
        -0.138557,
        0.0160898,
        -0.0307266,
        0.989747
    ],
    "33": [
        -10.566,
        -6.7078,
        7.55734,
        -0.187331,
        0.014688,
        -0.279506,
        0.941577
    ],
    "34": [
        -14.8987,
        -3.13455,
        6.1253,
        -0.107343,
        0.0156082,
        -0.453544,
        0.884608
    ],
    "35": [
        -17.6468,
        2.74296,
        4.81018,
        -0.12532,
        0.0342661,
        -0.510693,
        0.84989
    ],
    "36": [
        -21.4096,
        10.9772,
        4.48427,
        0.0110837,
        -0.0284137,
        -0.568844,
        0.82188
    ],
    "37": [
        -25.3287,
        21.705,
        4.53732,
        0.00111682,
        -0.0581142,
        -0.585976,
        0.808241
    ],
    "38": [
        -29.4743,
        28.3253,
        -1.07369,
        -0.0583841,
        -0.144449,
        -0.557882,
        0.815165
    ]
}