{
    "28": [
        -25.596,
        27.6442,
        -9.61858,
        -0.693328,
        0.710695,
        -0.1041,
        -0.0580694
    ],
    "27": [
        -25.7719,
        22.4537,
        -7.88037,
        0.780589,
        -0.624056,
        0.0351023,
        -0.00172573
    ],
    "26": [
        -22.6067,
        13.6079,
        -6.64369,
        0.806422,
        -0.591046,
        0.0103412,
        -0.0155242
    ],
    "25": [
        -20.1245,
        4.98381,
        -6.40266,
        0.814601,
        -0.579577,
        -0.0226994,
        -0.000324401
    ],
    "24": [
        -16.7784,
        -0.780805,
        -5.889,
        0.84748,
        -0.53047,
        -0.0194543,
        -0.00115264
    ],
    "23": [
        -13.4933,
        -8.1956,
        -5.59971,
        0.868561,
        -0.448449,
        -0.0129389,
        -0.210542
    ],
    "22": [
        -7.58353,
        -12.1962,
        -6.82364,
        0.947868,
        -0.208776,
        -0.0159086,
        -0.240222
    ],
    "21": [
        -1.99024,
        -15.1018,
        -8.14603,
        0.937522,
        0.0251842,
        0.0925721,
        -0.334438
    ],
    "11": [
        5.0042,
        -15.2557,
        -6.65846,
        -0.0632632,
        0.964585,
        0.255032,
        0.0230851
    ],
    "12": [
        11.5519,
        -13.4123,
        -6.4057,
        -0.157725,
        0.943708,
        0.286113,
        -0.0517543
    ],
    "13": [
        16.7357,
        -8.41254,
        -5.70542,
        -0.442273,
        0.853472,
        0.275628,
        0.00283665
    ],
    "14": [
        20.7635,
        -1.85904,
        -5.91851,
        -0.506636,
        0.861933,
        -0.0188986,
        0.00586062
    ],
    "15": [
        23.981,
        4.0468,
        -6.02403,
        -0.56459,
        0.820509,
        -0.0631552,
        0.0633673
    ],
    "16": [
        25.9115,
        12.0663,
        -6.9991,
        -0.599943,
        0.799716,
        -0.0209496,
        -0.0091186
    ],
    "17": [
        28.8163,
        21.1023,
        -6.80024,
        -0.612582,
        0.789992,
        -0.001869,
        -0.0255312
    ],
    "18": [
        29.1383,
        26.9414,
        -9.60855,
        -0.68823,
        0.706883,
        -0.0180718,
        -0.162266
    ],
    "48": [
        31.9429,
        28.1212,
        -0.967291,
        -0.154886,
        -0.0783646,
        -0.828663,
        0.532154
    ],
    "47": [
        27.7586,
        21.0145,
        2.8082,
        0.0322419,
        -0.0436344,
        -0.808283,
        0.586289
    ],
    "46": [
        23.8754,
        10.6092,
        5.01528,
        -0.0297045,
        0.0118125,
        -0.816382,
        0.576626
    ],
    "45": [
        20.5556,
        2.22648,
        5.26744,
        -0.0187584,
        -0.0409808,
        -0.838556,
        0.542948
    ],
    "44": [
        17.5058,
        -3.63744,
        6.13205,
        -0.00175907,
        0.0839199,
        0.887196,
        -0.453694
    ],
    "43": [
        14.0262,
        -8.63069,
        8.01313,
        0.0567194,
        0.137761,
        0.920349,
        -0.361611
    ],
    "42": [
        8.62266,
        -13.452,
        7.42996,
        -0.0867618,
        0.0508873,
        0.974884,
        0.198705
    ],
    "41": [
        4.11585,
        -13.3896,
        7.00765,
        -0.0696914,
        0.116771,
        0.990053,
        0.0360883
    ],
    "31": [
        -0.112221,
        -13.3111,
        7.29546,
        -0.0773243,
        0.023336,
        0.00744763,
        0.996705
    ],
    "32": [
        -4.82081,
        -13.0905,
        7.47618,
        -0.0730082,
        0.0860427,
        0.163865,
        0.980008
    ],
    "33": [
        -10.6302,
        -8.463,
        7.79867,
        -0.150536,
        -0.0204592,
        -0.316934,
        0.936201
    ],
    "34": [
        -14.8987,
        -3.13455,
        6.1253,
        -0.107343,
        0.0156082,
        -0.453544,
        0.884608
    ],
    "35": [
        -17.6468,
        2.74296,
        4.81018,
        -0.12532,
        0.0342661,
        -0.510693,
        0.84989
    ],
    "36": [
        -21.4096,
        10.9772,
        4.48427,
        0.0110837,
        -0.0284137,
        -0.568844,
        0.82188
    ],
    "37": [
        -25.3287,
        21.705,
        4.53732,
        0.00111682,
        -0.0581142,
        -0.585976,
        0.808241
    ],
    "38": [
        -29.4743,
        28.3253,
        -1.07369,
        -0.0583841,
        -0.144449,
        -0.557882,
        0.815165
    ]
}