{
    "28": [
        -25.596,
        27.6442,
        -9.61858,
        -0.693328,
        0.710695,
        -0.1041,
        -0.0580694
    ],
    "27": [
        -25.7719,
        22.4537,
        -7.88037,
        0.780589,
        -0.624056,
        0.0351023,
        -0.00172573
    ],
    "26": [
        -22.6067,
        13.6079,
        -6.64369,
        0.806422,
        -0.591046,
        0.0103412,
        -0.0155242
    ],
    "25": [
        -20.7887,
        5.59722,
        -6.52692,
        0.812319,
        -0.582329,
        -0.0319239,
        0.00331338
    ],
    "24": [
        -17.5799,
        -0.056653,
        -5.94439,
        0.846245,
        -0.532092,
        -0.0268745,
        -0.00501603
    ],
    "23": [
        -14.4962,
        -6.65101,
        -5.65334,
        0.885344,
        -0.414089,
        -0.00561093,
        -0.211339
    ],
    "22": [
        -8.11904,
        -11.9384,
        -6.84458,
        0.947659,
        -0.219056,
        0.0254519,
        -0.230886
    ],
    "21": [
        -1.84935,
        -14.691,
        -7.82765,
        0.946777,
        0.0158041,
        0.0650522,
        -0.314852
    ],
    "11": [
        5.5626,
        -15.1288,
        -6.57448,
        -0.0529269,
        0.963648,
        0.261591,
        0.0123213
    ],
    "12": [
        12.4211,
        -12.9272,
        -6.32768,
        -0.174315,
        0.940959,
        0.286719,
        -0.0447547
    ],
    "13": [
        17.4512,
        -7.70799,
        -5.55414,
        -0.361431,
        0.888986,
        0.281041,
        -0.00936971
    ],
    "14": [
        20.7635,
        -1.85904,
        -5.91851,
        -0.506636,
        0.861933,
        -0.0188986,
        0.00586062
    ],
    "15": [
        23.981,
        4.0468,
        -6.02403,
        -0.56459,
        0.820509,
        -0.0631552,
        0.0633673
    ],
    "16": [
        25.9115,
        12.0663,
        -6.9991,
        -0.599943,
        0.799716,
        -0.0209496,
        -0.0091186
    ],
    "17": [
        28.8163,
        21.1023,
        -6.80024,
        -0.612582,
        0.789992,
        -0.001869,
        -0.0255312
    ],
    "18": [
        29.1383,
        26.9414,
        -9.60855,
        -0.68823,
        0.706883,
        -0.0180718,
        -0.162266
    ],
    "48": [
        31.9429,
        28.1212,
        -0.967291,
        -0.154886,
        -0.0783646,
        -0.828663,
        0.532154
    ],
    "47": [
        27.7586,
        21.0145,
        2.8082,
        0.0322419,
        -0.0436344,
        -0.808283,
        0.586289
    ],
    "46": [
        23.8754,
        10.6092,
        5.01528,
        -0.0297045,
        0.0118125,
        -0.816382,
        0.576626
    ],
    "45": [
        20.5556,
        2.22648,
        5.26744,
        -0.0187584,
        -0.0409808,
        -0.838556,
        0.542948
    ],
    "44": [
        17.5058,
        -3.63744,
        6.13205,
        -0.00175907,
        0.0839199,
        0.887196,
        -0.453694
    ],
    "43": [
        14.1477,
        -8.04539,
        7.99924,
        0.0160949,
        0.16368,
        0.933992,
        -0.317189
    ],
    "42": [
        8.8388,
        -12.7978,
        7.22749,
        -0.0170909,
        0.0884876,
        0.991751,
        0.0911478
    ],
    "41": [
        3.53691,
        -12.6328,
        7.12597,
        -0.0442027,
        0.140439,
        0.988846,
        0.0225216
    ],
    "31": [
        -0.888138,
        -12.4187,
        7.28751,
        -0.109307,
        0.0195702,
        -0.00994078,
        0.993766
    ],
    "32": [
        -5.70391,
        -12.0606,
        7.41771,
        -0.104914,
        0.0444423,
        0.0551851,
        0.991954
    ],
    "33": [
        -10.8612,
        -7.29734,
        7.68375,
        -0.168143,
        -0.00373347,
        -0.299254,
        0.939234
    ],
    "34": [
        -14.8987,
        -3.13455,
        6.1253,
        -0.107343,
        0.0156082,
        -0.453544,
        0.884608
    ],
    "35": [
        -17.6468,
        2.74296,
        4.81018,
        -0.12532,
        0.0342661,
        -0.510693,
        0.84989
    ],
    "36": [
        -21.4096,
        10.9772,
        4.48427,
        0.0110837,
        -0.0284137,
        -0.568844,
        0.82188
    ],
    "37": [
        -25.3287,
        21.705,
        4.53732,
        0.00111682,
        -0.0581142,
        -0.585976,
        0.808241
    ],
    "38": [
        -29.4743,
        28.3253,
        -1.07369,
        -0.0583841,
        -0.144449,
        -0.557882,
        0.815165
    ]
}