{
    "28": [
        -25.596,
        27.6442,
        -9.61858,
        -0.693328,
        0.710695,
        -0.1041,
        -0.0580694
    ],
    "27": [
        -25.7719,
        22.4537,
        -7.88037,
        0.780589,
        -0.624056,
        0.0351023,
        -0.00172573
    ],
    "26": [
        -22.6067,
        13.6079,
        -6.64369,
        0.806422,
        -0.591046,
        0.0103412,
        -0.0155242
    ],
    "25": [
        -20.7887,
        5.59722,
        -6.52692,
        0.812319,
        -0.582329,
        -0.0319239,
        0.00331338
    ],
    "24": [
        -17.5799,
        -0.056653,
        -5.94439,
        0.846245,
        -0.532092,
        -0.0268745,
        -0.00501603
    ],
    "23": [
        -14.5146,
        -6.60937,
        -5.66163,
        0.888548,
        -0.407785,
        -0.00499037,
        -0.210165
    ],
    "22": [
        -8.38501,
        -11.5385,
        -7.04366,
        0.947174,
        -0.221945,
        0.0308562,
        -0.229457
    ],
    "21": [
        -1.89491,
        -14.31,
        -7.67746,
        0.949639,
        0.00667975,
        0.0602836,
        -0.307421
    ],
    "11": [
        5.53609,
        -14.7388,
        -6.56515,
        -0.0510588,
        0.963452,
        0.262766,
        0.0103871
    ],
    "12": [
        12.3548,
        -12.5314,
        -6.3398,
        -0.174474,
        0.940954,
        0.2867,
        -0.0443614
    ],
    "13": [
        17.5459,
        -7.56376,
        -5.56313,
        -0.346444,
        0.895476,
        0.279286,
        -0.00989947
    ],
    "14": [
        20.7635,
        -1.85904,
        -5.91851,
        -0.506636,
        0.861933,
        -0.0188986,
        0.00586062
    ],
    "15": [
        23.981,
        4.0468,
        -6.02403,
        -0.56459,
        0.820509,
        -0.0631552,
        0.0633673
    ],
    "16": [
        25.9115,
        12.0663,
        -6.9991,
        -0.599943,
        0.799716,
        -0.0209496,
        -0.0091186
    ],
    "17": [
        28.8163,
        21.1023,
        -6.80024,
        -0.612582,
        0.789992,
        -0.001869,
        -0.0255312
    ],
    "18": [
        29.1383,
        26.9414,
        -9.60855,
        -0.68823,
        0.706883,
        -0.0180718,
        -0.162266
    ],
    "48": [
        31.9429,
        28.1212,
        -0.967291,
        -0.154886,
        -0.0783646,
        -0.828663,
        0.532154
    ],
    "47": [
        27.7586,
        21.0145,
        2.8082,
        0.0322419,
        -0.0436344,
        -0.808283,
        0.586289
    ],
    "46": [
        23.8754,
        10.6092,
        5.01528,
        -0.0297045,
        0.0118125,
        -0.816382,
        0.576626
    ],
    "45": [
        20.5556,
        2.22648,
        5.26744,
        -0.0187584,
        -0.0409808,
        -0.838556,
        0.542948
    ],
    "44": [
        17.5058,
        -3.63744,
        6.13205,
        -0.00175907,
        0.0839199,
        0.887196,
        -0.453694
    ],
    "43": [
        13.9898,
        -7.99258,
        8.0186,
        0.00401905,
        0.169826,
        0.937834,
        -0.302673
    ],
    "42": [
        8.83999,
        -12.5177,
        7.11198,
        0.0010219,
        0.0988675,
        0.992809,
        0.0674865
    ],
    "41": [
        3.52262,
        -12.2177,
        7.13774,
        -0.0405231,
        0.149022,
        0.987856,
        0.0170735
    ],
    "31": [
        -0.883135,
        -12.0489,
        7.28469,
        -0.120622,
        0.0182273,
        -0.0161088,
        0.9924
    ],
    "32": [
        -5.68931,
        -11.6933,
        7.34671,
        -0.114542,
        0.0360696,
        0.0307067,
        0.992288
    ],
    "33": [
        -10.7687,
        -7.10553,
        7.64297,
        -0.174355,
        0.00220719,
        -0.292917,
        0.940104
    ],
    "34": [
        -14.8987,
        -3.13455,
        6.1253,
        -0.107343,
        0.0156082,
        -0.453544,
        0.884608
    ],
    "35": [
        -17.6468,
        2.74296,
        4.81018,
        -0.12532,
        0.0342661,
        -0.510693,
        0.84989
    ],
    "36": [
        -21.4096,
        10.9772,
        4.48427,
        0.0110837,
        -0.0284137,
        -0.568844,
        0.82188
    ],
    "37": [
        -25.3287,
        21.705,
        4.53732,
        0.00111682,
        -0.0581142,
        -0.585976,
        0.808241
    ],
    "38": [
        -29.4743,
        28.3253,
        -1.07369,
        -0.0583841,
        -0.144449,
        -0.557882,
        0.815165
    ]
}