{
    "28": [
        -25.596,
        27.6442,
        -9.61858,
        -0.693328,
        0.710695,
        -0.1041,
        -0.0580694
    ],
    "27": [
        -25.732,
        22.2527,
        -7.91714,
        0.780122,
        -0.624501,
        0.037532,
        -0.000661703
    ],
    "26": [
        -22.3694,
        13.2792,
        -6.62506,
        0.806189,
        -0.591356,
        0.0125451,
        -0.0141636
    ],
    "25": [
        -18.1319,
        3.14357,
        -6.02987,
        0.820904,
        -0.570935,
        0.00498515,
        -0.0112359
    ],
    "24": [
        -15.015,
        -2.37394,
        -5.76714,
        0.849975,
        -0.526763,
        -0.00312563,
        0.00734671
    ],
    "23": [
        -12.9362,
        -9.05371,
        -5.56991,
        0.858666,
        -0.467247,
        -0.0170023,
        -0.209961
    ],
    "22": [
        -7.58353,
        -12.1962,
        -6.82364,
        0.947868,
        -0.208776,
        -0.0159086,
        -0.240222
    ],
    "21": [
        -2.00976,
        -15.1015,
        -8.15034,
        0.936269,
        0.0283419,
        0.105035,
        -0.334013
    ],
    "11": [
        4.75603,
        -15.3122,
        -6.69578,
        -0.0678518,
        0.964918,
        0.252095,
        0.0278671
    ],
    "12": [
        11.1656,
        -13.6279,
        -6.44038,
        -0.150335,
        0.944829,
        0.285813,
        -0.0548599
    ],
    "13": [
        15.8612,
        -9.27365,
        -5.89032,
        -0.536228,
        0.800857,
        0.266034,
        0.017715
    ],
    "14": [
        18.9586,
        -2.84155,
        -5.99914,
        -0.480968,
        0.876612,
        0.0148614,
        0.0007836
    ],
    "15": [
        22.3905,
        3.14101,
        -5.91448,
        -0.570459,
        0.819667,
        -0.00565704,
        0.0518674
    ],
    "16": [
        25.9115,
        12.0663,
        -6.9991,
        -0.599943,
        0.799716,
        -0.0209496,
        -0.0091186
    ],
    "17": [
        28.8163,
        21.1023,
        -6.80024,
        -0.612582,
        0.789992,
        -0.001869,
        -0.0255312
    ],
    "18": [
        29.1383,
        26.9414,
        -9.60855,
        -0.68823,
        0.706883,
        -0.0180718,
        -0.162266
    ],
    "48": [
        31.9429,
        28.1212,
        -0.967291,
        -0.154886,
        -0.0783646,
        -0.828663,
        0.532154
    ],
    "47": [
        27.7586,
        21.0145,
        2.8082,
        0.0322419,
        -0.0436344,
        -0.808283,
        0.586289
    ],
    "46": [
        23.8754,
        10.6092,
        5.01528,
        -0.0297045,
        0.0118125,
        -0.816382,
        0.576626
    ],
    "45": [
        20.5042,
        0.685178,
        5.51228,
        -0.057614,
        -0.010764,
        -0.810641,
        0.582602
    ],
    "44": [
        17.4507,
        -5.82688,
        6.26197,
        -0.0594745,
        -0.0572806,
        -0.841593,
        0.533763
    ],
    "43": [
        13.3266,
        -9.39818,
        8.09728,
        0.0830279,
        0.11605,
        0.911266,
        -0.386308
    ],
    "42": [
        8.49441,
        -13.5084,
        7.41283,
        -0.106652,
        0.040817,
        0.96537,
        0.234564
    ],
    "41": [
        4.11585,
        -13.3896,
        7.00765,
        -0.0696914,
        0.116771,
        0.990053,
        0.0360883
    ],
    "31": [
        -0.112221,
        -13.3111,
        7.29546,
        -0.0773243,
        0.023336,
        0.00744763,
        0.996705
    ],
    "32": [
        -4.73918,
        -13.1341,
        7.47618,
        -0.064332,
        0.0927089,
        0.258007,
        0.959531
    ],
    "33": [
        -9.75887,
        -9.47201,
        7.93581,
        -0.122896,
        -0.0775006,
        -0.324019,
        0.934827
    ],
    "34": [
        -13.8467,
        -5.37885,
        6.22256,
        -0.0674968,
        -0.0559457,
        -0.507749,
        0.857033
    ],
    "35": [
        -16.2551,
        1.07289,
        5.26057,
        -0.0721443,
        -0.0561884,
        -0.509745,
        0.855452
    ],
    "36": [
        -21.4096,
        10.9772,
        4.48427,
        0.0110837,
        -0.0284137,
        -0.568844,
        0.82188
    ],
    "37": [
        -25.3287,
        21.705,
        4.53732,
        0.00111682,
        -0.0581142,
        -0.585976,
        0.808241
    ],
    "38": [
        -29.4743,
        28.3253,
        -1.07369,
        -0.0583841,
        -0.144449,
        -0.557882,
        0.815165
    ]
}