{
    "28": [
        -25.596,
        27.6442,
        -9.61858,
        -0.693328,
        0.710695,
        -0.1041,
        -0.0580694
    ],
    "27": [
        -25.7719,
        22.4537,
        -7.88037,
        0.780589,
        -0.624056,
        0.0351023,
        -0.00172573
    ],
    "26": [
        -22.6067,
        13.6079,
        -6.64369,
        0.806422,
        -0.591046,
        0.0103412,
        -0.0155242
    ],
    "25": [
        -20.7887,
        5.59722,
        -6.52692,
        0.812319,
        -0.582329,
        -0.0319239,
        0.00331338
    ],
    "24": [
        -17.5799,
        -0.056653,
        -5.94439,
        0.846245,
        -0.532092,
        -0.0268745,
        -0.00501603
    ],
    "23": [
        -14.6157,
        -6.38038,
        -5.70723,
        0.90534,
        -0.372741,
        -0.0015696,
        -0.203521
    ],
    "22": [
        -8.65343,
        -10.0349,
        -7.48268,
        0.9444,
        -0.235079,
        0.0612353,
        -0.221579
    ],
    "21": [
        -1.76183,
        -11.7667,
        -7.6029,
        0.962561,
        -0.0436933,
        0.0335255,
        -0.26541
    ],
    "11": [
        5.36687,
        -12.3751,
        -6.51387,
        -0.0407769,
        0.962224,
        0.269188,
        -0.00025185
    ],
    "12": [
        11.8442,
        -10.7438,
        -6.39829,
        -0.17535,
        0.940923,
        0.286594,
        -0.0421983
    ],
    "13": [
        17.6706,
        -7.23775,
        -5.61259,
        -0.262432,
        0.926783,
        0.268398,
        -0.0128285
    ],
    "14": [
        20.7635,
        -1.85904,
        -5.91851,
        -0.506636,
        0.861933,
        -0.0188986,
        0.00586062
    ],
    "15": [
        23.981,
        4.0468,
        -6.02403,
        -0.56459,
        0.820509,
        -0.0631552,
        0.0633673
    ],
    "16": [
        25.9115,
        12.0663,
        -6.9991,
        -0.599943,
        0.799716,
        -0.0209496,
        -0.0091186
    ],
    "17": [
        28.8163,
        21.1023,
        -6.80024,
        -0.612582,
        0.789992,
        -0.001869,
        -0.0255312
    ],
    "18": [
        29.1383,
        26.9414,
        -9.60855,
        -0.68823,
        0.706883,
        -0.0180718,
        -0.162266
    ],
    "48": [
        31.9429,
        28.1212,
        -0.967291,
        -0.154886,
        -0.0783646,
        -0.828663,
        0.532154
    ],
    "47": [
        27.7586,
        21.0145,
        2.8082,
        0.0322419,
        -0.0436344,
        -0.808283,
        0.586289
    ],
    "46": [
        23.8754,
        10.6092,
        5.01528,
        -0.0297045,
        0.0118125,
        -0.816382,
        0.576626
    ],
    "45": [
        20.5556,
        2.22648,
        5.26744,
        -0.0187584,
        -0.0409808,
        -0.838556,
        0.542948
    ],
    "44": [
        17.5058,
        -3.63744,
        6.13205,
        -0.00175907,
        0.0839199,
        0.887196,
        -0.453694
    ],
    "43": [
        13.4466,
        -7.58548,
        8.04102,
        -0.0285332,
        0.186035,
        0.946286,
        -0.262906
    ],
    "42": [
        8.59878,
        -11.1972,
        6.59261,
        0.0611174,
        0.152832,
        0.984056,
        -0.0673897
    ],
    "41": [
        3.48404,
        -11.097,
        7.16951,
        -0.03056,
        0.172105,
        0.984602,
        0.00235668
    ],
    "31": [
        -0.869625,
        -11.0504,
        7.27707,
        -0.151066,
        0.0145868,
        -0.032746,
        0.987873
    ],
    "32": [
        -5.65661,
        -10.2293,
        7.02619,
        -0.168346,
        -0.00305462,
        -0.104942,
        0.980121
    ],
    "33": [
        -10.4597,
        -6.62321,
        7.53287,
        -0.191022,
        0.0182546,
        -0.27565,
        0.94191
    ],
    "34": [
        -14.8987,
        -3.13455,
        6.1253,
        -0.107343,
        0.0156082,
        -0.453544,
        0.884608
    ],
    "35": [
        -17.6468,
        2.74296,
        4.81018,
        -0.12532,
        0.0342661,
        -0.510693,
        0.84989
    ],
    "36": [
        -21.4096,
        10.9772,
        4.48427,
        0.0110837,
        -0.0284137,
        -0.568844,
        0.82188
    ],
    "37": [
        -25.3287,
        21.705,
        4.53732,
        0.00111682,
        -0.0581142,
        -0.585976,
        0.808241
    ],
    "38": [
        -29.4743,
        28.3253,
        -1.07369,
        -0.0583841,
        -0.144449,
        -0.557882,
        0.815165
    ]
}