{
    "28": [
        -25.596,
        27.6442,
        -9.61858,
        -0.693328,
        0.710695,
        -0.1041,
        -0.0580694
    ],
    "27": [
        -25.7719,
        22.4537,
        -7.88037,
        0.780589,
        -0.624056,
        0.0351023,
        -0.00172573
    ],
    "26": [
        -22.6067,
        13.6079,
        -6.64369,
        0.806422,
        -0.591046,
        0.0103412,
        -0.0155242
    ],
    "25": [
        -20.7887,
        5.59722,
        -6.52692,
        0.812319,
        -0.582329,
        -0.0319239,
        0.00331338
    ],
    "24": [
        -17.5799,
        -0.056653,
        -5.94439,
        0.846245,
        -0.532092,
        -0.0268745,
        -0.00501603
    ],
    "23": [
        -14.6065,
        -6.40119,
        -5.70309,
        0.903872,
        -0.375952,
        -0.00188105,
        -0.204138
    ],
    "22": [
        -8.69108,
        -10.1355,
        -7.47684,
        0.944668,
        -0.234031,
        0.0584405,
        -0.222298
    ],
    "21": [
        -1.79386,
        -12.0212,
        -7.57064,
        0.961588,
        -0.039109,
        0.0359875,
        -0.269302
    ],
    "11": [
        5.38347,
        -12.6014,
        -6.51853,
        -0.0417121,
        0.962346,
        0.268607,
        0.000715372
    ],
    "12": [
        11.8982,
        -10.8861,
        -6.3934,
        -0.17527,
        0.940926,
        0.286603,
        -0.042395
    ],
    "13": [
        17.6798,
        -7.24311,
        -5.60809,
        -0.27017,
        0.924248,
        0.269473,
        -0.0125616
    ],
    "14": [
        20.7635,
        -1.85904,
        -5.91851,
        -0.506636,
        0.861933,
        -0.0188986,
        0.00586062
    ],
    "15": [
        23.981,
        4.0468,
        -6.02403,
        -0.56459,
        0.820509,
        -0.0631552,
        0.0633673
    ],
    "16": [
        25.9115,
        12.0663,
        -6.9991,
        -0.599943,
        0.799716,
        -0.0209496,
        -0.0091186
    ],
    "17": [
        28.8163,
        21.1023,
        -6.80024,
        -0.612582,
        0.789992,
        -0.001869,
        -0.0255312
    ],
    "18": [
        29.1383,
        26.9414,
        -9.60855,
        -0.68823,
        0.706883,
        -0.0180718,
        -0.162266
    ],
    "48": [
        31.9429,
        28.1212,
        -0.967291,
        -0.154886,
        -0.0783646,
        -0.828663,
        0.532154
    ],
    "47": [
        27.7586,
        21.0145,
        2.8082,
        0.0322419,
        -0.0436344,
        -0.808283,
        0.586289
    ],
    "46": [
        23.8754,
        10.6092,
        5.01528,
        -0.0297045,
        0.0118125,
        -0.816382,
        0.576626
    ],
    "45": [
        20.5556,
        2.22648,
        5.26744,
        -0.0187584,
        -0.0409808,
        -0.838556,
        0.542948
    ],
    "44": [
        17.5058,
        -3.63744,
        6.13205,
        -0.00175907,
        0.0839199,
        0.887196,
        -0.453694
    ],
    "43": [
        13.4791,
        -7.62855,
        8.04335,
        -0.0273337,
        0.185448,
        0.946023,
        -0.264392
    ],
    "42": [
        8.63358,
        -11.3058,
        6.63381,
        0.0577003,
        0.148128,
        0.985754,
        -0.0549371
    ],
    "41": [
        3.48547,
        -11.1385,
        7.16834,
        -0.0309297,
        0.171253,
        0.984737,
        0.00290182
    ],
    "31": [
        -0.870125,
        -11.0874,
        7.27735,
        -0.149942,
        0.014722,
        -0.0321304,
        0.988063
    ],
    "32": [
        -5.65711,
        -10.3335,
        7.05169,
        -0.16347,
        0.000140728,
        -0.092604,
        0.982192
    ],
    "33": [
        -10.4774,
        -6.63731,
        7.53695,
        -0.190407,
        0.0176602,
        -0.276293,
        0.941857
    ],
    "34": [
        -14.8987,
        -3.13455,
        6.1253,
        -0.107343,
        0.0156082,
        -0.453544,
        0.884608
    ],
    "35": [
        -17.6468,
        2.74296,
        4.81018,
        -0.12532,
        0.0342661,
        -0.510693,
        0.84989
    ],
    "36": [
        -21.4096,
        10.9772,
        4.48427,
        0.0110837,
        -0.0284137,
        -0.568844,
        0.82188
    ],
    "37": [
        -25.3287,
        21.705,
        4.53732,
        0.00111682,
        -0.0581142,
        -0.585976,
        0.808241
    ],
    "38": [
        -29.4743,
        28.3253,
        -1.07369,
        -0.0583841,
        -0.144449,
        -0.557882,
        0.815165
    ]
}