{
    "28": [
        -25.596,
        27.6442,
        -9.61858,
        -0.693328,
        0.710695,
        -0.1041,
        -0.0580694
    ],
    "27": [
        -25.7719,
        22.4537,
        -7.88037,
        0.780589,
        -0.624056,
        0.0351023,
        -0.00172573
    ],
    "26": [
        -22.6067,
        13.6079,
        -6.64369,
        0.806422,
        -0.591046,
        0.0103412,
        -0.0155242
    ],
    "25": [
        -20.4566,
        5.29051,
        -6.46479,
        0.813472,
        -0.580961,
        -0.027312,
        0.00149451
    ],
    "24": [
        -17.099,
        -0.491144,
        -5.91115,
        0.846993,
        -0.531124,
        -0.0224226,
        -0.00269802
    ],
    "23": [
        -13.7162,
        -7.85236,
        -5.61163,
        0.872405,
        -0.44087,
        -0.0113118,
        -0.210747
    ],
    "22": [
        -7.58353,
        -12.1962,
        -6.82364,
        0.947868,
        -0.208776,
        -0.0159086,
        -0.240222
    ],
    "21": [
        -1.98047,
        -15.102,
        -8.14387,
        0.93809,
        0.0236038,
        0.0863348,
        -0.334629
    ],
    "11": [
        5.12829,
        -15.2275,
        -6.63979,
        -0.0609676,
        0.964399,
        0.256495,
        0.0206935
    ],
    "12": [
        11.7451,
        -13.3045,
        -6.38836,
        -0.161416,
        0.943124,
        0.286255,
        -0.0502002
    ],
    "13": [
        16.8947,
        -8.25597,
        -5.6718,
        -0.424591,
        0.861963,
        0.277023,
        0.000122655
    ],
    "14": [
        20.7635,
        -1.85904,
        -5.91851,
        -0.506636,
        0.861933,
        -0.0188986,
        0.00586062
    ],
    "15": [
        23.981,
        4.0468,
        -6.02403,
        -0.56459,
        0.820509,
        -0.0631552,
        0.0633673
    ],
    "16": [
        25.9115,
        12.0663,
        -6.9991,
        -0.599943,
        0.799716,
        -0.0209496,
        -0.0091186
    ],
    "17": [
        28.8163,
        21.1023,
        -6.80024,
        -0.612582,
        0.789992,
        -0.001869,
        -0.0255312
    ],
    "18": [
        29.1383,
        26.9414,
        -9.60855,
        -0.68823,
        0.706883,
        -0.0180718,
        -0.162266
    ],
    "48": [
        31.9429,
        28.1212,
        -0.967291,
        -0.154886,
        -0.0783646,
        -0.828663,
        0.532154
    ],
    "47": [
        27.7586,
        21.0145,
        2.8082,
        0.0322419,
        -0.0436344,
        -0.808283,
        0.586289
    ],
    "46": [
        23.8754,
        10.6092,
        5.01528,
        -0.0297045,
        0.0118125,
        -0.816382,
        0.576626
    ],
    "45": [
        20.5556,
        2.22648,
        5.26744,
        -0.0187584,
        -0.0409808,
        -0.838556,
        0.542948
    ],
    "44": [
        17.5058,
        -3.63744,
        6.13205,
        -0.00175907,
        0.0839199,
        0.887196,
        -0.453694
    ],
    "43": [
        14.2011,
        -8.43882,
        7.99209,
        0.0501239,
        0.14315,
        0.922353,
        -0.355331
    ],
    "42": [
        8.70816,
        -13.4143,
        7.44137,
        -0.0734093,
        0.057549,
        0.980213,
        0.174588
    ],
    "41": [
        3.89571,
        -13.4189,
        7.04556,
        -0.0624346,
        0.119357,
        0.990267,
        0.0350186
    ],
    "31": [
        -0.426591,
        -13.25,
        7.29454,
        -0.0810446,
        0.0229002,
        0.0054284,
        0.996433
    ],
    "32": [
        -5.18573,
        -12.9723,
        7.5096,
        -0.0779986,
        0.0760963,
        0.139984,
        0.984139
    ],
    "33": [
        -10.7966,
        -8.15019,
        7.78532,
        -0.152588,
        -0.0185184,
        -0.314895,
        0.936598
    ],
    "34": [
        -14.8987,
        -3.13455,
        6.1253,
        -0.107343,
        0.0156082,
        -0.453544,
        0.884608
    ],
    "35": [
        -17.6468,
        2.74296,
        4.81018,
        -0.12532,
        0.0342661,
        -0.510693,
        0.84989
    ],
    "36": [
        -21.4096,
        10.9772,
        4.48427,
        0.0110837,
        -0.0284137,
        -0.568844,
        0.82188
    ],
    "37": [
        -25.3287,
        21.705,
        4.53732,
        0.00111682,
        -0.0581142,
        -0.585976,
        0.808241
    ],
    "38": [
        -29.4743,
        28.3253,
        -1.07369,
        -0.0583841,
        -0.144449,
        -0.557882,
        0.815165
    ]
}