{
    "28": [
        -25.596,
        27.6442,
        -9.61858,
        -0.693328,
        0.710695,
        -0.1041,
        -0.0580694
    ],
    "27": [
        -25.7719,
        22.4537,
        -7.88037,
        0.780589,
        -0.624056,
        0.0351023,
        -0.00172573
    ],
    "26": [
        -22.6067,
        13.6079,
        -6.64369,
        0.806422,
        -0.591046,
        0.0103412,
        -0.0155242
    ],
    "25": [
        -20.7887,
        5.59722,
        -6.52692,
        0.812319,
        -0.582329,
        -0.0319239,
        0.00331338
    ],
    "24": [
        -17.5799,
        -0.056653,
        -5.94439,
        0.846245,
        -0.532092,
        -0.0268745,
        -0.00501603
    ],
    "23": [
        -14.2734,
        -6.99425,
        -5.64142,
        0.88173,
        -0.421781,
        -0.00724051,
        -0.211189
    ],
    "22": [
        -7.90483,
        -12.0415,
        -6.83621,
        0.947959,
        -0.214993,
        0.00890911,
        -0.234674
    ],
    "21": [
        -1.89789,
        -14.8555,
        -7.95328,
        0.943596,
        0.0182932,
        0.0710761,
        -0.322861
    ],
    "11": [
        5.43851,
        -15.157,
        -6.59314,
        -0.0552252,
        0.963878,
        0.260139,
        0.0147136
    ],
    "12": [
        12.228,
        -13.035,
        -6.34502,
        -0.170633,
        0.941597,
        0.286592,
        -0.0463115
    ],
    "13": [
        17.2922,
        -7.86456,
        -5.58776,
        -0.379668,
        0.881698,
        0.28003,
        -0.00666023
    ],
    "14": [
        20.7635,
        -1.85904,
        -5.91851,
        -0.506636,
        0.861933,
        -0.0188986,
        0.00586062
    ],
    "15": [
        23.981,
        4.0468,
        -6.02403,
        -0.56459,
        0.820509,
        -0.0631552,
        0.0633673
    ],
    "16": [
        25.9115,
        12.0663,
        -6.9991,
        -0.599943,
        0.799716,
        -0.0209496,
        -0.0091186
    ],
    "17": [
        28.8163,
        21.1023,
        -6.80024,
        -0.612582,
        0.789992,
        -0.001869,
        -0.0255312
    ],
    "18": [
        29.1383,
        26.9414,
        -9.60855,
        -0.68823,
        0.706883,
        -0.0180718,
        -0.162266
    ],
    "48": [
        31.9429,
        28.1212,
        -0.967291,
        -0.154886,
        -0.0783646,
        -0.828663,
        0.532154
    ],
    "47": [
        27.7586,
        21.0145,
        2.8082,
        0.0322419,
        -0.0436344,
        -0.808283,
        0.586289
    ],
    "46": [
        23.8754,
        10.6092,
        5.01528,
        -0.0297045,
        0.0118125,
        -0.816382,
        0.576626
    ],
    "45": [
        20.5556,
        2.22648,
        5.26744,
        -0.0187584,
        -0.0409808,
        -0.838556,
        0.542948
    ],
    "44": [
        17.5058,
        -3.63744,
        6.13205,
        -0.00175907,
        0.0839199,
        0.887196,
        -0.453694
    ],
    "43": [
        14.3056,
        -8.0982,
        7.97989,
        0.0281635,
        0.157472,
        0.929766,
        -0.331578
    ],
    "42": [
        8.8376,
        -13.0778,
        7.34299,
        -0.035194,
        0.0780116,
        0.989706,
        0.114709
    ],
    "41": [
        3.5512,
        -13.0478,
        7.1142,
        -0.047876,
        0.131839,
        0.989719,
        0.0279674
    ],
    "31": [
        -0.893142,
        -12.7885,
        7.29033,
        -0.0979729,
        0.0209097,
        -0.00377102,
        0.994962
    ],
    "32": [
        -5.71851,
        -12.4278,
        7.48872,
        -0.0951878,
        0.0527884,
        0.0796119,
        0.990866
    ],
    "33": [
        -10.9536,
        -7.48916,
        7.72453,
        -0.161913,
        -0.00967156,
        -0.305558,
        0.938256
    ],
    "34": [
        -14.8987,
        -3.13455,
        6.1253,
        -0.107343,
        0.0156082,
        -0.453544,
        0.884608
    ],
    "35": [
        -17.6468,
        2.74296,
        4.81018,
        -0.12532,
        0.0342661,
        -0.510693,
        0.84989
    ],
    "36": [
        -21.4096,
        10.9772,
        4.48427,
        0.0110837,
        -0.0284137,
        -0.568844,
        0.82188
    ],
    "37": [
        -25.3287,
        21.705,
        4.53732,
        0.00111682,
        -0.0581142,
        -0.585976,
        0.808241
    ],
    "38": [
        -29.4743,
        28.3253,
        -1.07369,
        -0.0583841,
        -0.144449,
        -0.557882,
        0.815165
    ]
}